{
    "name": "Creative Chest",
    "tooltip": [
        "...Now what?"
    ],
    "item": {
        "item": "gtceu:creative_chest",
        "count": 1
    },
    "display": {
        "offset": {
            "x": 0,
            "y": 0,
            "z": 0
        },
        "rotation": {
            "x": 0,
            "y": 0,
            "z": 0
        },
        "scale": 1.5
    },
    "animation": {
        "type": "spinning",
        "speed": 0.3
    },
    "colors": {
        "base": "#6B8F85",
        "accent": "#2D5996"
    }
}