{
    "name": "EV Age",
    "tooltip": [
        "Welcome to the EV age!"
    ],
    "item": {
        "item": "gtceu:titanium_ingot",
        "count": 1
    },
    "display": {
        "offset": {
            "x": 0,
            "y": 0,
            "z": 0
        },
        "rotation": {
            "x": 0,
            "y": 0,
            "z": 0
        },
        "scale": 1.5
    },
    "animation": {
        "type": "spinning",
        "speed": 0.6
    },
    "colors": {
        "base": "#6B8F85",
        "accent": "#b750ba"
    }
}