{
  "parent": "gtceu:block/cube_3_layer/default",
  "textures": {
    "particle": "#bot_all",
    "bot_down": "#bot_all",
    "bot_up": "#bot_all",
    "bot_north": "#bot_all",
    "bot_east": "#bot_all",
    "bot_south": "#bot_all",
    "bot_west": "#bot_all",
    "mid_down": "#mid_all",
    "mid_up": "#mid_all",
    "mid_north": "#mid_all",
    "mid_east": "#mid_all",
    "mid_south": "#mid_all",
    "mid_west": "#mid_all",
    "top_down": "#top_all",
    "top_up": "#top_all",
    "top_north": "#top_all",
    "top_east": "#top_all",
    "top_south": "#top_all",
    "top_west": "#top_all"
  }
}
