{
    "name": "Seed Eater",
    "description": "Because you are a type of bird, you can eat things normal humans cannot, such as seeds.\n",
    "type": "origins:multiple",
    "seed_eat": {
        "type": "apugli:edible_item",
        "item_condition": {
            "type": "apoli:ingredient",
            "ingredient": {
                "tag": "dodo:seed_food"
            }
        },
        "food_component": {
            "hunger": 1,
            "saturation": 2,
            "snack": true
        },
        "consume_animation": "eat",
        "priority": 0

    },
    "edible_tooltip": {
        "type": "origins:tooltip",
        "item_condition": {
            "type": "origins:ingredient",
            "ingredient": {
                "tag": "centaur:seed_food"
            }
        },
        "text": "§7Edible (§aAvian Diet§7)",
        "order": 0
    }
}
