{
    "name": "Liftoff",
    "description": "Once every ~3 seconds you are able to launch yourself upwards to achieve some form of pseudo-flight. (Trigger with primary active key)",
    "type": "origins:launch",
    "cooldown": 54,
    "hud_render": {
      "sprite_location": "origins:textures/gui/resource_bar.png",
      "bar_index": 4
    },
    "sound": "minecraft:entity.parrot.fly",
    "speed": 1.5,
    "key": {
      "key": "key.origins.primary_active",
      "continuous": true
    },
    "condition": {
      "type": "origins:and",
      "conditions": [
          {
            "type": "origins:submerged_in",
            "fluid": "minecraft:water",
            "inverted": true
          },
          {    
            "type": "origins:swimming",
            "inverted": true
          }
      ]
    }
  }