{
    "name": "Small Stance",
    "description": "Due to the smaller body size, your hitbox is significantly smaller.",
    "type": "origins:multiple",
    "hitbox": {
        "type": "origins:action_on_callback",
        "entity_action_chosen": {
            "type": "origins:and",
            "actions": [
                {
                    "type": "origins:execute_command",
                    "command": "scale set pehkui:hitbox_height 0.8333 @s"
                },
                {
                    "type": "origins:execute_command",
                    "command": "scale set pehkui:eye_height 0.8888 @s"
                },
                {
                    "type": "origins:execute_command",
                    "command": "scale set pehkui:hitbox_width 0.3 @s"
                }
            ]
        },
        "execute_chosen_when_orb": true,
        "entity_action_lost": {
            "type": "origins:execute_command",
            "command": "scale reset @s"
        },
        "entity_action_added": {
            "type": "origins:and",
            "actions": [
                {
                    "type": "origins:execute_command",
                    "command": "scale set pehkui:hitbox_height 0.8333 @s"
                },
                {
                    "type": "origins:execute_command",
                    "command": "scale set pehkui:eye_height 0.8888 @s"
                },
                {
                    "type": "origins:execute_command",
                    "command": "scale set pehkui:hitbox_width 0.3 @s"
                }
            ]
        },
        "entity_action_removed": {
            "type": "origins:execute_command",
            "command": "scale reset @s"
        },
        "entity_action_respawned": {
            "type": "origins:and",
            "actions": [
                {
                    "type": "origins:execute_command",
                    "command": "scale set pehkui:hitbox_height 0.8333 @s"
                },
                {
                    "type": "origins:execute_command",
                    "command": "scale set pehkui:eye_height 0.8888 @s"
                },
                {
                    "type": "origins:execute_command",
                    "command": "scale set pehkui:hitbox_width 0.3 @s"
                }
            ]
        },
        "type": "apoli:action_over_time",
        "interval": 1,
        "rising_action": {
            "type": "origins:and",
            "actions": [
                {
                    "type": "origins:execute_command",
                    "command": "scale set pehkui:hitbox_height 0.66 @s",
                    "permission_level": 4
                },
                {
                    "type": "origins:execute_command",
                    "command": "scale set pehkui:eye_height 0.71 @s",
                    "permission_level": 4
                }
            ]
        },
        "falling_action": {
            "type": "origins:and",
            "actions": [
                {
                    "type": "origins:execute_command",
                    "command": "scale set pehkui:hitbox_height 0.8333 @s",
                    "permission_level": 4
                },
                {
                    "type": "origins:execute_command",
                    "command": "scale set pehkui:eye_height 0.8888 @s",
                    "permission_level": 4
                }
            ]
        },
        "condition": {
            "type": "apoli:sneaking"
        }
    }
}