{
    "name": "Wing-arms",
    "description": "You are not very proficient in using melee weapons on account of having wings for arms. When unarmed however, your beak serves as a fairly potent weapon.",
    "type": "origins:multiple",
    "weapons": {
        "type": "origins:conditioned_attribute",
        "modifiers": [
            {
                "attribute": "generic.attack_damage",
                "operation": "multiply_total",
                "value": -0.15
            }
        ],
        "condition": {
            "type": "origins:equipped_item",
            "equipment_slot": "mainhand",
            "item_condition": {
                "type": "origins:empty",
                "inverted": true
            }
        }
    },
    "unarmed": {
        "type": "origins:conditioned_attribute",
        "modifiers": [
            {
                "attribute": "generic.attack_damage",
                "operation": "multiply_total",
                "value": 0.75
            }
        ],
        "condition": {
            "type": "origins:equipped_item",
            "equipment_slot": "mainhand",
            "item_condition": {
                "type": "origins:empty",
                "inverted": false
            }
        }
    }
}