{
    "name": "Seed Eater",
    "description": "You can really only handle eating meat. Other foods are likely to cause issues...\n",
    "type": "origins:multiple",
    "vegetables": {
        "type": "origins:modify_food",
        "item_condition": {
            "type": "origins:ingredient",
            "ingredient": {
                "tag": "origins:food/generic_vegetables"
            }
        },
        "food_modifier": {
            "operation": "addition",
            "value": -1
        },
        "saturation_modifier": {
            "operation": "addition",
            "value": -0.2
        }
    },
    "vegetable_hunger": {
        "type": "origins:action_on_item_use",
        "entity_action": {
            "type": "origins:apply_effect",
            "effects": [
                {
                    "effect": "minecraft:hunger",
                    "duration": 600,
                    "amplifier": 0,
                    "show_particles": true,
                    "show_icon": true
                }
            ]
        },
        "item_condition": {
            "type": "origins:ingredient",
            "ingredient": {
                "tag": "origins:food/generic_vegetables"
            }
        },
        "trigger": "finish",
        "priority": 0
    },
    "edible_tooltip_veg": {
        "type": "origins:tooltip",
        "item_condition": {
            "type": "origins:ingredient",
            "ingredient": {
                "tag": "origins:food/generic_vegetable"
            }
        },
        "text": "§7Edible (§cCarnivore§7)",
        "order": 0
    },
    "fruits": {
        "type": "origins:modify_food",
        "item_condition": {
            "type": "origins:ingredient",
            "ingredient": {
                "tag": "origins:food/generic_fruits"
            }
        },
        "food_modifier": {
            "operation": "addition",
            "value": -1
        },
        "saturation_modifier": {
            "operation": "addition",
            "value": -0.2
        }
    },
    "fruit_hunger": {
        "type": "origins:action_on_item_use",
        "entity_action": {
            "type": "origins:apply_effect",
            "effects": [
                {
                    "effect": "minecraft:hunger",
                    "duration": 600,
                    "amplifier": 0,
                    "show_particles": true,
                    "show_icon": true
                }
            ]
        },
        "item_condition": {
            "type": "origins:ingredient",
            "ingredient": {
                "tag": "origins:food/generic_fruits"
            }
        },
        "trigger": "finish",
        "priority": 0
    },
    "edible_tooltip_fruits": {
        "type": "origins:tooltip",
        "item_condition": {
            "type": "origins:ingredient",
            "ingredient": {
                "tag": "origins:food/generic_fruits"
            }
        },
        "text": "§7Edible (§cCarnivore§7)",
        "order": 0
    },
    "mushrooms": {
        "type": "origins:modify_food",
        "item_condition": {
            "type": "origins:ingredient",
            "ingredient": {
                "tag": "origins:food/generic_mushroom"
            }
        },
        "food_modifier": {
            "operation": "addition",
            "value": -1
        }
    },
    "edible_tooltip_mushroom": {
        "type": "origins:tooltip",
        "item_condition": {
            "type": "origins:ingredient",
            "ingredient": {
                "tag": "origins:food/generic_mushroom"
            }
        },
        "text": "§7Edible (§6Carnivore§7)",
        "order": 0
    },
    "edible_tooltip_eggs": {
        "type": "origins:tooltip",
        "item_condition": {
            "type": "origins:ingredient",
            "ingredient": {
                "tag": "origins:food/generic_eggs"
            }
        },
        "text": "§7Edible (§aCarnivore§7)",
        "order": 0
    },
    "meat_raw": {
        "type": "origins:modify_food",
        "item_condition": {
            "type": "origins:ingredient",
            "ingredient": {
                "tag": "origins:food/generic_meat_raw"
            },
            "food_modifier": {
                "operation": "addition",
                "value": 2
            },
            "saturation_modifier": {
                "operation": "addition",
                "value": 0.2
            }
        }
    },
    "edible_tooltip_meat_raw": {
        "type": "origins:tooltip",
        "item_condition": {
            "type": "origins:ingredient",
            "ingredient": {
                "tag": "origins:food/generic_meat_raw"
            }
        },
        "text": "§7Edible (§bCarnivore§7)",
        "order": 0
    },
    "meat_cooked": {
        "type": "origins:modify_food",
        "item_condition": {
            "type": "origins:ingredient",
            "ingredient": {
                "tag": "origins:food/generic_meat_cooked"
            },
            "food_modifier": {
                "operation": "addition",
                "value": 1
            }
        }
    },
    "edible_tooltip_meat_cooked": {
        "type": "origins:tooltip",
        "item_condition": {
            "type": "origins:ingredient",
            "ingredient": {
                "tag": "origins:food/generic_meat_cooked"
            }
        },
        "text": "§7Edible (§aCarnivore§7)",
        "order": 0
    },
    "bread": {
        "type": "origins:modify_food",
        "item_condition": {
            "type": "origins:ingredient",
            "ingredient": {
                "tag": "origins:food/generic_breads_cakes"
            }
        },
        "food_modifier": {
            "operation": "addition",
            "value": -1
        }
    },
    "edible_tooltip_bread": {
        "type": "origins:tooltip",
        "item_condition": {
            "type": "origins:ingredient",
            "ingredient": {
                "tag": "origins:food/generic_breads_cakes"
            }
        },
        "text": "§7Edible (§6Carnivore§7)",
        "order": 0
    },
    "dairy": {
        "type": "origins:modify_food",
        "item_condition": {
            "type": "origins:ingredient",
            "ingredient": {
                "tag": "origins:food/generic_dairy"
            },
            "food_modifier": {
                "operation": "addition",
                "value": -1
            }
        }
    },
    "edible_tooltip_dairy": {
        "type": "origins:tooltip",
        "item_condition": {
            "type": "origins:ingredient",
            "ingredient": {
                "tag": "origins:food/generic_dairy"
            }
        },
        "text": "§7Edible (§6Carnivore§7)",
        "order": 0
    },
    "mixed_meat": {
        "type": "origins:modify_food",
        "item_condition": {
            "type": "origins:ingredient",
            "ingredient": {
                "tag": "origins:food/generic_mixed_mostly_meat"
            },
            "food_modifier": {
                "operation": "addition",
                "value": 1
            }
        }
    },
    "edible_tooltip_mixed_meat": {
        "type": "origins:tooltip",
        "item_condition": {
            "type": "origins:ingredient",
            "ingredient": {
                "tag": "origins:food/generic_mixed_mostly_meat"
            }
        },
        "text": "§7Edible (§aCarnivore§7)",
        "order": 0
    },
    "mixed": {
        "type": "origins:modify_food",
        "item_condition": {
            "type": "origins:ingredient",
            "ingredient": {
                "tag": "origins:food/generic_mixed_varied"
            },
            "food_modifier": {
                "operation": "addition",
                "value": -1
            }
        }
    },
    "edible_tooltip_mixed": {
        "type": "origins:tooltip",
        "item_condition": {
            "type": "origins:ingredient",
            "ingredient": {
                "tag": "origins:food/generic_mixed_varied"
            }
        },
        "text": "§7Edible (§6Carnivore§7)",
        "order": 0
    },
    "edible_tooltip_drinks": {
        "type": "origins:tooltip",
        "item_condition": {
            "type": "origins:ingredient",
            "ingredient": {
                "tag": "origins:food/accesible_drinks"
            }
        },
        "text": "§7Edible (§aCarnivore§7)",
        "order": 0
    }
}