{
    "name": "Cumbersome",
    "description": "You can periodically perform a dash attack to close the distance to your enemies.",
    "badges": [
        {
            "type": "origins:tooltip",
            "text": "Use the primary power button to perform a dash. 2 minute cooldown.",
            "sprite": "origins:textures/gui/badge/info.png"
        }
    ],
    "type": "origins:active_self",
	"entity_action": {
		"type": "origins:and",
		"actions": [
			{
				"type": "origins:if_else",
				"condition": {
					"type": "origins:on_block",
					"inverted": true
				},
				"if_action": {
					"type": "origins:and",
					"actions": [
						{
							"type": "origins:add_velocity",
							"z": 1,
							"space": "local",
							"set": true,
							"client": true,
							"server": true
						},
						{
							"type": "origins:exhaust",
							"amount": 0.2
						}
					]
				},
				"else_action": {
					"type": "origins:and",
					"actions": [
						{
							"type": "origins:add_velocity",
							"z": 1,
							"space": "local_horizontal",
							"set": true,
							"client": true,
							"server": true
						},
						{
							"type": "origins:exhaust",
							"amount": 0.1
						}
					]
				}
			},
			{
				"type": "origins:execute_command",
				"command": "playsound minecraft:block.note_block.basedrum master @s ~ ~ ~ 0.2"
			},
			{
				"type": "origins:execute_command",
				"command": "particle minecraft:poof ~ ~0.5 ~ 0.3 0.3 0.3 0.1 10 force"
			}
		]
	},
	"cooldown": 1200,
	"hud_render": {
		"should_render": true,
		"sprite_location": "origins:textures/gui/community/spiderkolo/resource_bar_02.png",
		"bar_index": 1
	},
	"key": "key.origins.primary_active",
	"condition": {
		"type": "origins:and",
		"conditions": [
			{
				"type": "origins:food_level",
				"comparison": ">",
				"compare_to": 6
			},
			{
				"type": "origins:fall_flying",
				"inverted": true
			},
			{
				"type": "origins:submerged_in",
				"fluid": "minecraft:water",
				"inverted": true
			},
			{
				"type": "origins:submerged_in",
				"fluid": "minecraft:lava",
				"inverted": true
			}
		]
	}  
}