{
    "name": "Carnivore",
    "description": "NA",
    "hidden": true,
    "type": "origins:multiple",
    "fc_catfood_eat": {
        "type": "apugli:edible_item",
        "item_condition": {
            "type": "apoli:ingredient",
            "ingredient": {
                "item": "farm_and_charm:cat_food"
            }
        },
        "food_component": {
            "hunger": 6,
            "saturation": 8,
            "snack": true
        },
        "consume_animation": "eat",
        "consuming_time_modifier": {
            "operation": "multiply_base_multiplicative",
            "value": 1.5
        },
        "priority": 0
    },
    "fc_dogfood_eat": {
        "type": "apugli:edible_item",
        "item_condition": {
            "type": "apoli:ingredient",
            "ingredient": {
                "item": "farm_and_charm:dog_food"
            }
        },
        "food_component": {
            "hunger": 6,
            "saturation": 8,
            "snack": true
        },
        "consume_animation": "eat",
        "consuming_time_modifier": {
            "operation": "multiply_base_multiplicative",
            "value": 1.5
        },
        "priority": 0
    },
    "hunger_immune": {
      "type": "origins:effect_immunity",
      "effects": [
          "minecraft:hunger"
      ]
    }
  }