{
    "name": "Melee expert",
    "description": "Your aggresive combat style grants you an increase to your melee damage, as well as a slight increase to your movement speed.",
    "type": "origins:multiple",
    "melee": {
        "type": "origins:attribute",
        "modifiers": [
            {
                "attribute": "generic.attack_damage",
                "operation": "multiply_total",
                "value": 0.3
            }
        ],
        "update_health": true
    },
    "sprinting": {
        "condition": {
            "type": "origins:sprinting"
        },
        "type": "origins:conditioned_attribute",
        "modifier": {
            "attribute": "generic.movement_speed",
            "operation": "addition",
            "value": 0.03
        },
        "tick_rate": 1,
        "update_health": true
    },
    "walking": {
        "type": "origins:attribute",
        "modifier": {
            "attribute": "generic.movement_speed",
            "operation": "addition",
            "value": 0.015
        },
        "update_health": true
    },
    "unarmed": {
        "type": "origins:conditioned_attribute",
        "modifiers": [
            {
                "attribute": "generic.attack_damage",
                "operation": "multiply_base",
                "value": 0.25
            }
        ],
        "condition": {
            "type": "origins:equipped_item",
            "equipment_slot": "mainhand",
            "item_condition": {
                "type": "origins:empty",
                "inverted": false
            }
        }
    }
}