{
    "name": "Life drain",
    "description": "You do not have natural health regeneration. Instead, you regain health from killing your enemies as well as occasionally on hit.",
    "type": "origins:multiple",
    "health_steal": {
        "type": "origins:self_action_on_kill",
        "entity_action": {
            "type": "origins:heal",
            "amount": 3.0
        },
        "cooldown": 40
    },
    "on-hit": {
        "type": "origins:self_action_on_hit",
        "entity_action": {
            "type": "origins:heal",
            "amount": 1.0
        },
        "cooldown": 40,
        "condition": {
            "type": "origins:predicate",
            "predicate": "berserk:chance"
        }
    },
    "no_regen": {
        "type": "origins:disable_regen"
    }
}