{
    "filters": [{
            "category": "ironfurnaces:generator_regular"
        },
        {
            "category": "ironfurnaces:generator_blasting"
        },
        {
            "category": "ironfurnaces:generator_smoking"
        },
        {
            "category": "ironfurnaces:generator_regular"
        },
        {
            "category": "ironfurnaces:generator_blasting"
        },
        {
            "category": "ftbquests:quest"
        },
        {
            "category": "minecraft:grinding"
        },
        {
            "id": "/bucket/",
            "category": "emi:world_interaction"
        },
        {
            "id": "/repair/",
            "category": "emi:anvil_repairing"
        },
        {
            "category": "ae2:entropy"
        },
        {
            "category": "emi_loot:archaeology_drops"
        },
        {
            "category": "emi_loot:gameplay_drops"
        },
        {
            "category": "emi_loot:block_drops"
        },
        {
            "category": "minecraft:alchemy_bench"
        },
        {
            "category": "minecraft:botanist_workbench"
        },
        {
            "category": "minecraft:glassblower"
        },
        {
            "category": "minecraft:carpenters_table"
        },
        {
            "category": "minecraft:loom_table"
        },
        {
            "category": "minecraft:mason_table"
        },
        {
            "category": "minecraft:tinkering_table"
        },
        {
            "category": "create:automatic_shaped" 
        },
        {
            "category": "create:automatic_shapeless" 
        },
        {
            "category": "create:automatic_brewing" 
        },
        {
            "category": "create:automatic_packing" 
        },
        {
            "category": "create:draining" 
        },
        {
            "category": "gtceu:create_mixer" 
        },
        {
            "category": "create:sawing" 
        },
        {
            "category": "create:mixing" 
        },
        {
            "category": "create:fan_blasting" 
        },
        {
            "category": "create:fan_haunting" 
        },
        {
            "category": "create:fan_smoking" 
        },
        {
            "category": "create:fan_washing" 
        },
        {
            "category": "create:block_cutting" 
        }
    ]
}