{
	"credit": "Made with Blockbench",
	"texture_size": [64, 64],
	"textures": {
		"0": "kubejs:block/microverse/component/enderium_micro_miner_core",
		"particle": "minecraft:block/redstone_block",
		"parent": "minecraft:block/block"
	},
	"elements": [
		{
			"from": [4, 0, 0],
			"to": [12, 4, 4],
			"faces": {
				"north": {"uv": [5, 3, 7, 4], "texture": "#0"},
				"east": {"uv": [4, 3, 5, 4], "texture": "#0"},
				"south": {"uv": [8, 3, 10, 4], "texture": "#0"},
				"west": {"uv": [7, 3, 8, 4], "texture": "#0"},
				"up": {"uv": [7, 3, 5, 2], "texture": "#0"},
				"down": {"uv": [9, 2, 7, 3], "texture": "#0"}
			}
		},
		{
			"from": [4, 0, 12],
			"to": [12, 4, 16],
			"rotation": {"angle": 0, "axis": "y", "origin": [8, 2, 14]},
			"faces": {
				"north": {"uv": [5, 3, 7, 4], "texture": "#0"},
				"east": {"uv": [4, 3, 5, 4], "texture": "#0"},
				"south": {"uv": [8, 3, 10, 4], "texture": "#0"},
				"west": {"uv": [7, 3, 8, 4], "texture": "#0"},
				"up": {"uv": [7, 3, 5, 2], "texture": "#0"},
				"down": {"uv": [9, 2, 7, 3], "texture": "#0"}
			}
		},
		{
			"from": [12, 0, 4],
			"to": [16, 4, 12],
			"rotation": {"angle": 0, "axis": "y", "origin": [8, 2, 8]},
			"faces": {
				"north": {"uv": [2, 4, 3, 5], "texture": "#0"},
				"east": {"uv": [0, 4, 2, 5], "texture": "#0"},
				"south": {"uv": [5, 4, 6, 5], "texture": "#0"},
				"west": {"uv": [3, 4, 5, 5], "texture": "#0"},
				"up": {"uv": [3, 4, 2, 2], "texture": "#0"},
				"down": {"uv": [4, 2, 3, 4], "texture": "#0"}
			}
		},
		{
			"from": [0, 0, 4],
			"to": [4, 4, 12],
			"rotation": {"angle": 0, "axis": "y", "origin": [8, 2, 8]},
			"faces": {
				"north": {"uv": [2, 4, 3, 5], "texture": "#0"},
				"east": {"uv": [0, 4, 2, 5], "texture": "#0"},
				"south": {"uv": [5, 4, 6, 5], "texture": "#0"},
				"west": {"uv": [3, 4, 5, 5], "texture": "#0"},
				"up": {"uv": [3, 4, 2, 2], "texture": "#0"},
				"down": {"uv": [4, 2, 3, 4], "texture": "#0"}
			}
		},
		{
			"from": [0, 4, 12],
			"to": [4, 12, 16],
			"rotation": {"angle": 0, "axis": "y", "origin": [2, 9, 8]},
			"faces": {
				"north": {"uv": [1, 6, 2, 8], "texture": "#0"},
				"east": {"uv": [0, 6, 1, 8], "texture": "#0"},
				"south": {"uv": [3, 6, 4, 8], "texture": "#0"},
				"west": {"uv": [2, 6, 3, 8], "texture": "#0"},
				"up": {"uv": [2, 6, 1, 5], "texture": "#0"},
				"down": {"uv": [3, 5, 2, 6], "texture": "#0"}
			}
		},
		{
			"from": [12, 4, 12],
			"to": [16, 12, 16],
			"rotation": {"angle": 0, "axis": "y", "origin": [2, 9, 8]},
			"faces": {
				"north": {"uv": [1, 6, 2, 8], "texture": "#0"},
				"east": {"uv": [0, 6, 1, 8], "texture": "#0"},
				"south": {"uv": [3, 6, 4, 8], "texture": "#0"},
				"west": {"uv": [2, 6, 3, 8], "texture": "#0"},
				"up": {"uv": [2, 6, 1, 5], "texture": "#0"},
				"down": {"uv": [3, 5, 2, 6], "texture": "#0"}
			}
		},
		{
			"from": [12, 4, 0],
			"to": [16, 12, 4],
			"rotation": {"angle": 0, "axis": "y", "origin": [2, 9, 8]},
			"faces": {
				"north": {"uv": [1, 6, 2, 8], "texture": "#0"},
				"east": {"uv": [0, 6, 1, 8], "texture": "#0"},
				"south": {"uv": [3, 6, 4, 8], "texture": "#0"},
				"west": {"uv": [2, 6, 3, 8], "texture": "#0"},
				"up": {"uv": [2, 6, 1, 5], "texture": "#0"},
				"down": {"uv": [3, 5, 2, 6], "texture": "#0"}
			}
		},
		{
			"from": [0, 4, 0],
			"to": [4, 12, 4],
			"rotation": {"angle": 0, "axis": "y", "origin": [2, 9, 8]},
			"faces": {
				"north": {"uv": [1, 6, 2, 8], "texture": "#0"},
				"east": {"uv": [0, 6, 1, 8], "texture": "#0"},
				"south": {"uv": [3, 6, 4, 8], "texture": "#0"},
				"west": {"uv": [2, 6, 3, 8], "texture": "#0"},
				"up": {"uv": [2, 6, 1, 5], "texture": "#0"},
				"down": {"uv": [3, 5, 2, 6], "texture": "#0"}
			}
		},
		{
			"from": [4, 0, 12],
			"to": [12, 4, 16],
			"rotation": {"angle": 0, "axis": "y", "origin": [8, 2, 14]},
			"faces": {
				"north": {"uv": [5, 3, 7, 4], "texture": "#0"},
				"east": {"uv": [4, 3, 5, 4], "texture": "#0"},
				"south": {"uv": [8, 3, 10, 4], "texture": "#0"},
				"west": {"uv": [7, 3, 8, 4], "texture": "#0"},
				"up": {"uv": [7, 3, 5, 2], "texture": "#0"},
				"down": {"uv": [9, 2, 7, 3], "texture": "#0"}
			}
		},
		{
			"from": [12, 0, 4],
			"to": [16, 4, 12],
			"rotation": {"angle": 0, "axis": "y", "origin": [8, 2, 8]},
			"faces": {
				"north": {"uv": [2, 4, 3, 5], "texture": "#0"},
				"east": {"uv": [0, 4, 2, 5], "texture": "#0"},
				"south": {"uv": [5, 4, 6, 5], "texture": "#0"},
				"west": {"uv": [3, 4, 5, 5], "texture": "#0"},
				"up": {"uv": [3, 4, 2, 2], "texture": "#0"},
				"down": {"uv": [4, 2, 3, 4], "texture": "#0"}
			}
		},
		{
			"from": [4, 0, 0],
			"to": [12, 4, 4],
			"faces": {
				"north": {"uv": [5, 3, 7, 4], "texture": "#0"},
				"east": {"uv": [4, 3, 5, 4], "texture": "#0"},
				"south": {"uv": [8, 3, 10, 4], "texture": "#0"},
				"west": {"uv": [7, 3, 8, 4], "texture": "#0"},
				"up": {"uv": [7, 3, 5, 2], "texture": "#0"},
				"down": {"uv": [9, 2, 7, 3], "texture": "#0"}
			}
		},
		{
			"from": [0, 0, 4],
			"to": [4, 4, 12],
			"rotation": {"angle": 0, "axis": "y", "origin": [8, 2, 8]},
			"faces": {
				"north": {"uv": [2, 4, 3, 5], "texture": "#0"},
				"east": {"uv": [0, 4, 2, 5], "texture": "#0"},
				"south": {"uv": [5, 4, 6, 5], "texture": "#0"},
				"west": {"uv": [3, 4, 5, 5], "texture": "#0"},
				"up": {"uv": [3, 4, 2, 2], "texture": "#0"},
				"down": {"uv": [4, 2, 3, 4], "texture": "#0"}
			}
		},
		{
			"from": [0, 0, 0],
			"to": [4, 4, 4],
			"faces": {
				"north": {"uv": [5, 6, 6, 7], "texture": "#0"},
				"east": {"uv": [4, 6, 5, 7], "texture": "#0"},
				"south": {"uv": [7, 6, 8, 7], "texture": "#0"},
				"west": {"uv": [6, 6, 7, 7], "texture": "#0"},
				"up": {"uv": [6, 6, 5, 5], "texture": "#0"},
				"down": {"uv": [7, 5, 6, 6], "texture": "#0"}
			}
		},
		{
			"from": [12, 0, 0],
			"to": [16, 4, 4],
			"faces": {
				"north": {"uv": [5, 6, 6, 7], "texture": "#0"},
				"east": {"uv": [4, 6, 5, 7], "texture": "#0"},
				"south": {"uv": [7, 6, 8, 7], "texture": "#0"},
				"west": {"uv": [6, 6, 7, 7], "texture": "#0"},
				"up": {"uv": [6, 6, 5, 5], "texture": "#0"},
				"down": {"uv": [7, 5, 6, 6], "texture": "#0"}
			}
		},
		{
			"from": [12, 0, 12],
			"to": [16, 4, 16],
			"faces": {
				"north": {"uv": [5, 6, 6, 7], "texture": "#0"},
				"east": {"uv": [4, 6, 5, 7], "texture": "#0"},
				"south": {"uv": [7, 6, 8, 7], "texture": "#0"},
				"west": {"uv": [6, 6, 7, 7], "texture": "#0"},
				"up": {"uv": [6, 6, 5, 5], "texture": "#0"},
				"down": {"uv": [7, 5, 6, 6], "texture": "#0"}
			}
		},
		{
			"from": [0, 0, 12],
			"to": [4, 4, 16],
			"faces": {
				"north": {"uv": [5, 6, 6, 7], "texture": "#0"},
				"east": {"uv": [4, 6, 5, 7], "texture": "#0"},
				"south": {"uv": [7, 6, 8, 7], "texture": "#0"},
				"west": {"uv": [6, 6, 7, 7], "texture": "#0"},
				"up": {"uv": [6, 6, 5, 5], "texture": "#0"},
				"down": {"uv": [7, 5, 6, 6], "texture": "#0"}
			}
		},
		{
			"from": [12, 12, 12],
			"to": [16, 16, 16],
			"faces": {
				"north": {"uv": [5, 6, 6, 7], "texture": "#0"},
				"east": {"uv": [4, 6, 5, 7], "texture": "#0"},
				"south": {"uv": [7, 6, 8, 7], "texture": "#0"},
				"west": {"uv": [6, 6, 7, 7], "texture": "#0"},
				"up": {"uv": [6, 6, 5, 5], "texture": "#0"},
				"down": {"uv": [7, 5, 6, 6], "texture": "#0"}
			}
		},
		{
			"from": [12, 12, 4],
			"to": [16, 16, 12],
			"rotation": {"angle": 0, "axis": "y", "origin": [8, 2, 8]},
			"faces": {
				"north": {"uv": [2, 4, 3, 5], "texture": "#0"},
				"east": {"uv": [0, 4, 2, 5], "texture": "#0"},
				"south": {"uv": [5, 4, 6, 5], "texture": "#0"},
				"west": {"uv": [3, 4, 5, 5], "texture": "#0"},
				"up": {"uv": [3, 4, 2, 2], "texture": "#0"},
				"down": {"uv": [4, 2, 3, 4], "texture": "#0"}
			}
		},
		{
			"from": [12, 12, 0],
			"to": [16, 16, 4],
			"faces": {
				"north": {"uv": [5, 6, 6, 7], "texture": "#0"},
				"east": {"uv": [4, 6, 5, 7], "texture": "#0"},
				"south": {"uv": [7, 6, 8, 7], "texture": "#0"},
				"west": {"uv": [6, 6, 7, 7], "texture": "#0"},
				"up": {"uv": [6, 6, 5, 5], "texture": "#0"},
				"down": {"uv": [7, 5, 6, 6], "texture": "#0"}
			}
		},
		{
			"from": [0, 12, 4],
			"to": [4, 16, 12],
			"rotation": {"angle": 0, "axis": "y", "origin": [8, 2, 8]},
			"faces": {
				"north": {"uv": [2, 4, 3, 5], "texture": "#0"},
				"east": {"uv": [0, 4, 2, 5], "texture": "#0"},
				"south": {"uv": [5, 4, 6, 5], "texture": "#0"},
				"west": {"uv": [3, 4, 5, 5], "texture": "#0"},
				"up": {"uv": [3, 4, 2, 2], "texture": "#0"},
				"down": {"uv": [4, 2, 3, 4], "texture": "#0"}
			}
		},
		{
			"from": [4, 12, 0],
			"to": [12, 16, 4],
			"faces": {
				"north": {"uv": [5, 3, 7, 4], "texture": "#0"},
				"east": {"uv": [4, 3, 5, 4], "texture": "#0"},
				"south": {"uv": [8, 3, 10, 4], "texture": "#0"},
				"west": {"uv": [7, 3, 8, 4], "texture": "#0"},
				"up": {"uv": [7, 3, 5, 2], "texture": "#0"},
				"down": {"uv": [9, 2, 7, 3], "texture": "#0"}
			}
		},
		{
			"from": [4, 12, 12],
			"to": [12, 16, 16],
			"rotation": {"angle": 0, "axis": "y", "origin": [8, 2, 14]},
			"faces": {
				"north": {"uv": [5, 3, 7, 4], "texture": "#0"},
				"east": {"uv": [4, 3, 5, 4], "texture": "#0"},
				"south": {"uv": [8, 3, 10, 4], "texture": "#0"},
				"west": {"uv": [7, 3, 8, 4], "texture": "#0"},
				"up": {"uv": [7, 3, 5, 2], "texture": "#0"},
				"down": {"uv": [9, 2, 7, 3], "texture": "#0"}
			}
		},
		{
			"from": [0, 12, 12],
			"to": [4, 16, 16],
			"faces": {
				"north": {"uv": [5, 6, 6, 7], "texture": "#0"},
				"east": {"uv": [4, 6, 5, 7], "texture": "#0"},
				"south": {"uv": [7, 6, 8, 7], "texture": "#0"},
				"west": {"uv": [6, 6, 7, 7], "texture": "#0"},
				"up": {"uv": [6, 6, 5, 5], "texture": "#0"},
				"down": {"uv": [7, 5, 6, 6], "texture": "#0"}
			}
		},
		{
			"from": [0, 12, 0],
			"to": [4, 16, 4],
			"faces": {
				"north": {"uv": [5, 6, 6, 7], "texture": "#0"},
				"east": {"uv": [4, 6, 5, 7], "texture": "#0"},
				"south": {"uv": [7, 6, 8, 7], "texture": "#0"},
				"west": {"uv": [6, 6, 7, 7], "texture": "#0"},
				"up": {"uv": [6, 6, 5, 5], "texture": "#0"},
				"down": {"uv": [7, 5, 6, 6], "texture": "#0"}
			}
		},
		{
			"name": "Core",
			"from": [4, 4, 4],
			"to": [12, 12, 12],
			"faces": {
				"north": {"uv": [8, 7, 10, 9], "texture": "#0"},
				"east": {"uv": [6, 7, 8, 9], "texture": "#0"},
				"south": {"uv": [12, 7, 14, 9], "texture": "#0"},
				"west": {"uv": [10, 7, 12, 9], "texture": "#0"},
				"up": {"uv": [10, 7, 8, 5], "texture": "#0"},
				"down": {"uv": [12, 5, 10, 7], "texture": "#0"}
			}
		}
	],
	"groups": [
		{
			"name": "Frame",
			"origin": [0, 0, 0],
			"color": 0,
			"children": [0, 1, 2, 3, 4, 5, 6, 7, 8, 9, 10, 11, 12, 13, 14, 15, 16, 17, 18, 19, 20, 21, 22, 23]
		},
		24
	],
	"parent": "minecraft:block/block"
}