{
	"credit": "Made with Blockbench",
	"texture_size": [64, 64],
	"textures": {
		"0": "kubejs:block/meowni_plush",
		"particle": "kubejs:block/meowni_plush"
	},
	"elements": [
		{
			"from": [1, 0.01, 4],
			"to": [4, 3.01, 11],
			"rotation": {"angle": 22.5, "axis": "y", "origin": [0, 0, 0]},
			"faces": {
				"north": {"uv": [3.75, 12.5, 4.5, 13.25], "texture": "#0"},
				"east": {"uv": [11.25, 5.75, 13, 6.5], "texture": "#0"},
				"south": {"uv": [2.75, 13.5, 3.5, 14.25], "texture": "#0"},
				"west": {"uv": [11.5, 10.25, 13.25, 11], "texture": "#0"},
				"up": {"uv": [12.25, 12.75, 11.5, 11], "texture": "#0"},
				"down": {"uv": [12.5, 1.5, 11.75, 3.25], "texture": "#0", "cullface": "down"}
			}
		},
		{
			"from": [3, 11, 5],
			"to": [13, 20, 14],
			"faces": {
				"north": {"uv": [0, 3.5, 2.5, 5.75], "texture": "#0"},
				"east": {"uv": [7.5, 0, 9.75, 2.25], "texture": "#0"},
				"south": {"uv": [2.5, 3.5, 5, 5.75], "texture": "#0"},
				"west": {"uv": [7.5, 2.25, 9.75, 4.5], "texture": "#0"},
				"up": {"uv": [7.5, 2.25, 5, 0], "texture": "#0", "cullface": "up"},
				"down": {"uv": [7.5, 2.25, 5, 4.5], "texture": "#0"}
			}
		},
		{
			"from": [-5, 3.5, 8],
			"to": [-2, 10.5, 11],
			"rotation": {"angle": -45, "axis": "z", "origin": [0, -0.5, 0]},
			"faces": {
				"north": {"uv": [10.75, 8.5, 11.5, 10.25], "texture": "#0"},
				"east": {"uv": [11.25, 4, 12, 5.75], "texture": "#0"},
				"south": {"uv": [0, 11.5, 0.75, 13.25], "texture": "#0"},
				"west": {"uv": [0.75, 11.5, 1.5, 13.25], "texture": "#0"},
				"up": {"uv": [13, 12.75, 12.25, 12], "texture": "#0"},
				"down": {"uv": [13.25, 1.5, 12.5, 2.25], "texture": "#0"}
			}
		},
		{
			"from": [13.5, -7.5, 8],
			"to": [16.5, -0.5, 11],
			"rotation": {"angle": 45, "axis": "z", "origin": [0.5, -0.5, 0]},
			"faces": {
				"north": {"uv": [1.5, 11.5, 2.25, 13.25], "texture": "#0"},
				"east": {"uv": [2.25, 11.5, 3, 13.25], "texture": "#0"},
				"south": {"uv": [3, 11.5, 3.75, 13.25], "texture": "#0"},
				"west": {"uv": [11.5, 8.5, 12.25, 10.25], "texture": "#0"},
				"down": {"uv": [13.25, 2.25, 12.5, 3], "texture": "#0"}
			}
		},
		{
			"from": [3.5, 0, 6.5],
			"to": [12.5, 7, 12.5],
			"rotation": {"angle": 0, "axis": "y", "origin": [-1, 1, 1]},
			"faces": {
				"north": {"uv": [4, 8.75, 6.25, 10.5], "texture": "#0"},
				"east": {"uv": [13.25, 4, 14.75, 5.75], "texture": "#0"},
				"south": {"uv": [6.25, 8.75, 8.5, 10.5], "texture": "#0"},
				"west": {"uv": [9.75, 5.25, 11.25, 7], "texture": "#0"},
				"up": {"uv": [10.75, 10.5, 8.5, 9], "texture": "#0"},
				"down": {"uv": [12, 0, 9.75, 1.5], "texture": "#0", "cullface": "down"}
			}
		},
		{
			"from": [4, 6, 7],
			"to": [12, 11, 12],
			"faces": {
				"north": {"uv": [9.75, 1.5, 11.75, 2.75], "texture": "#0"},
				"east": {"uv": [4, 10.5, 5.25, 11.75], "texture": "#0"},
				"south": {"uv": [9.75, 2.75, 11.75, 4], "texture": "#0"},
				"west": {"uv": [5.25, 10.5, 6.5, 11.75], "texture": "#0"}
			}
		},
		{
			"from": [8.99, 16.99, 7.99],
			"to": [14.01, 22.01, 10.01],
			"rotation": {"angle": -45, "axis": "y", "origin": [11.5, 19.5, 9]},
			"faces": {
				"north": {"uv": [6.5, 10.5, 7.75, 11.75], "texture": "#0"},
				"east": {"uv": [11, 11.75, 11.5, 13], "texture": "#0"},
				"south": {"uv": [7.75, 10.5, 9, 11.75], "texture": "#0"},
				"west": {"uv": [12.25, 6.5, 12.75, 7.75], "texture": "#0"},
				"up": {"uv": [13.25, 1.5, 12, 1], "texture": "#0", "cullface": "up"},
				"down": {"uv": [13.25, 5, 12, 5.5], "texture": "#0"}
			}
		},
		{
			"from": [1.99, 16.99, 7.99],
			"to": [7.01, 22.01, 10.01],
			"rotation": {"angle": 45, "axis": "y", "origin": [4.5, 19.5, 9]},
			"faces": {
				"north": {"uv": [7.75, 10.5, 6.5, 11.75], "texture": "#0"},
				"east": {"uv": [12.75, 6.5, 12.25, 7.75], "texture": "#0"},
				"south": {"uv": [9, 10.5, 7.75, 11.75], "texture": "#0"},
				"west": {"uv": [11.5, 11.75, 11, 13], "texture": "#0"},
				"up": {"uv": [12, 1.5, 13.25, 1], "texture": "#0", "cullface": "up"},
				"down": {"uv": [12, 5, 13.25, 5.5], "texture": "#0"}
			}
		},
		{
			"from": [7, 19, 3],
			"to": [9, 22, 13],
			"rotation": {"angle": 22.5, "axis": "x", "origin": [7, 20, 3]},
			"faces": {
				"north": {"uv": [12.75, 9, 13.25, 9.75], "texture": "#0"},
				"east": {"uv": [9.75, 7, 12.25, 7.75], "texture": "#0"},
				"south": {"uv": [10, 12.75, 10.5, 13.5], "texture": "#0"},
				"west": {"uv": [9.75, 7.75, 12.25, 8.5], "texture": "#0"},
				"up": {"uv": [7.5, 14.25, 7, 11.75], "texture": "#0", "cullface": "up"},
				"down": {"uv": [8, 11.75, 7.5, 14.25], "texture": "#0"}
			}
		},
		{
			"from": [6, 3, 10],
			"to": [10, 17, 14],
			"rotation": {"angle": 22.5, "axis": "x", "origin": [9, 3, 11]},
			"faces": {
				"north": {"uv": [0, 8, 1, 11.5], "texture": "#0"},
				"east": {"uv": [1, 8, 2, 11.5], "texture": "#0"},
				"south": {"uv": [2, 8, 3, 11.5], "texture": "#0"},
				"west": {"uv": [3, 8, 4, 11.5], "texture": "#0"},
				"up": {"uv": [13, 1, 12, 0], "texture": "#0"},
				"down": {"uv": [13, 4, 12, 5], "texture": "#0"}
			}
		},
		{
			"from": [12, 0.01, 4],
			"to": [15, 3.01, 11],
			"rotation": {"angle": -22.5, "axis": "y", "origin": [16, 0, 0]},
			"faces": {
				"north": {"uv": [4.5, 12.5, 3.75, 13.25], "texture": "#0"},
				"east": {"uv": [13.25, 10.25, 11.5, 11], "texture": "#0"},
				"south": {"uv": [3.5, 13.5, 2.75, 14.25], "texture": "#0"},
				"west": {"uv": [13, 5.75, 11.25, 6.5], "texture": "#0"},
				"up": {"uv": [11.5, 12.75, 12.25, 11], "texture": "#0"},
				"down": {"uv": [11.75, 1.5, 12.5, 3.25], "texture": "#0", "cullface": "down"}
			}
		},
		{
			"from": [18, 3.5, 8],
			"to": [21, 10.5, 11],
			"rotation": {"angle": 45, "axis": "z", "origin": [16, -0.5, 0]},
			"faces": {
				"north": {"uv": [11.5, 8.5, 10.75, 10.25], "texture": "#0"},
				"east": {"uv": [1.5, 11.5, 0.75, 13.25], "texture": "#0"},
				"south": {"uv": [0.75, 11.5, 0, 13.25], "texture": "#0"},
				"west": {"uv": [12, 4, 11.25, 5.75], "texture": "#0"},
				"up": {"uv": [12.25, 12.75, 13, 12], "texture": "#0"},
				"down": {"uv": [12.5, 1.5, 13.25, 2.25], "texture": "#0"}
			}
		},
		{
			"from": [-0.5, -7.5, 8],
			"to": [2.5, -0.5, 11],
			"rotation": {"angle": -45, "axis": "z", "origin": [15.5, -0.5, 0]},
			"faces": {
				"north": {"uv": [2.25, 11.5, 1.5, 13.25], "texture": "#0"},
				"east": {"uv": [12.25, 8.5, 11.5, 10.25], "texture": "#0"},
				"south": {"uv": [3.75, 11.5, 3, 13.25], "texture": "#0"},
				"west": {"uv": [3, 11.5, 2.25, 13.25], "texture": "#0"},
				"down": {"uv": [12.5, 2.25, 13.25, 3], "texture": "#0"}
			}
		},
		{
			"from": [11.5, 20, 7],
			"to": [13.5, 24, 12],
			"rotation": {"angle": 45, "axis": "y", "origin": [12.5, 22.5, 10]},
			"faces": {
				"north": {"uv": [12.75, 6.5, 13.25, 7.5], "texture": "#0"},
				"east": {"uv": [10.75, 13.25, 12, 14.25], "texture": "#0"},
				"south": {"uv": [12.75, 6.5, 13.25, 7.5], "texture": "#0"},
				"west": {"uv": [12, 13.25, 13.25, 14.25], "texture": "#0"},
				"up": {"uv": [10.75, 9, 9.5, 8.5], "rotation": 90, "texture": "#0", "cullface": "up"},
				"down": {"uv": [12.5, 6.5, 11.25, 7], "rotation": 270, "texture": "#0"}
			}
		},
		{
			"from": [2.5, 20, 7],
			"to": [4.5, 24, 12],
			"rotation": {"angle": -45, "axis": "y", "origin": [3.5, 22.5, 10]},
			"faces": {
				"north": {"uv": [13.25, 6.5, 12.75, 7.5], "texture": "#0"},
				"east": {"uv": [13.25, 13.25, 12, 14.25], "texture": "#0"},
				"south": {"uv": [13.25, 6.5, 12.75, 7.5], "texture": "#0"},
				"west": {"uv": [12, 13.25, 10.75, 14.25], "texture": "#0"},
				"up": {"uv": [10.75, 8.5, 9.5, 9], "rotation": 90, "texture": "#0", "cullface": "up"},
				"down": {"uv": [12.5, 7, 11.25, 6.5], "rotation": 270, "texture": "#0"}
			}
		},
		{
			"name": "z_cube",
			"from": [2.8, 10.8, 4.8],
			"to": [13.2, 20.2, 14.2],
			"faces": {
				"north": {"uv": [5, 4.5, 7.5, 6.75], "texture": "#0"},
				"east": {"uv": [7.5, 4.5, 9.75, 6.75], "texture": "#0"},
				"south": {"uv": [0, 5.75, 2.5, 8], "texture": "#0"},
				"west": {"uv": [13.25, 0, 15.5, 2.25], "texture": "#0"}
			}
		},
		{
			"name": "za_cube",
			"from": [-2.01, 10.99, 7.99],
			"to": [18.01, 18.01, 8.01],
			"rotation": {"angle": 0, "axis": "y", "origin": [4.5, 13.5, 10]},
			"faces": {
				"north": {"uv": [0, 0, 5, 1.75], "texture": "#0"},
				"east": {"uv": [0, 0, 0.25, 0.25], "texture": "#0"},
				"south": {"uv": [0, 1.75, 5, 3.5], "texture": "#0"},
				"west": {"uv": [0, 0, 0.25, 0.25], "texture": "#0"},
				"up": {"uv": [0.25, 0, 0, 0.25], "texture": "#0"},
				"down": {"uv": [0.25, 0, 0, 0.25], "texture": "#0"}
			}
		}
	],
	"display": {
		"thirdperson_righthand": {
			"scale": [0.5, 0.5, 0.5]
		},
		"firstperson_righthand": {
			"scale": [0.5, 0.5, 0.5]
		},
		"ground": {
			"scale": [0.5, 0.5, 0.5]
		},
		"gui": {
			"rotation": [0, 180, 0],
			"translation": [0, -2.5, 0],
			"scale": [0.6, 0.6, 0.6]
		},
		"head": {
			"translation": [0, 14, 0]
		},
		"fixed": {
			"translation": [0, -2.5, 0],
			"scale": [0.75, 0.75, 0.75]
		}
	},
	"groups": [
		{
			"name": "bone",
			"origin": [0, 0, 0],
			"color": 0,
			"children": [0, 1, 2, 3, 4, 5, 6, 7, 8]
		},
		{
			"name": "bone2",
			"origin": [16, 0, 0],
			"color": 0,
			"children": []
		},
		{
			"name": "bone3",
			"origin": [16, 0, 0],
			"color": 0,
			"children": []
		},
		{
			"name": "bone4",
			"origin": [16, 0, 0],
			"color": 0,
			"children": [9]
		},
		{
			"name": "bone5",
			"origin": [16, 0, 0],
			"color": 0,
			"children": []
		},
		{
			"name": "bone6",
			"origin": [16, 0, 0],
			"color": 0,
			"children": [10]
		},
		{
			"name": "bone",
			"origin": [16, 0, 0],
			"color": 0,
			"children": [11, 12, 13, 14]
		},
		{
			"name": "bone2",
			"origin": [0, 0, 0],
			"color": 0,
			"children": []
		},
		{
			"name": "transparent",
			"origin": [8, 8, 8],
			"color": 0,
			"children": [15, 16]
		}
	]
}