{
    "name": "Controlled teleport",
    "description": "Every 30 seconds you can teleport to wherever you are looking at will.",
    "badges": [
        {
            "type": "origins:tooltip",
            "text": "Use secondary power key to teleport. Max range 64 blocks.",
            "sprite": "origins:textures/gui/badge/info.png"
        }
    ],
    "type": "apoli:active_self",
    "entity_action": {
        "type": "origins:delay",
        "ticks": "40",
        "action": {
            "type": "apoli:raycast",
            "distance": 64,
            "block": true,
            "entity": false,
            "shape_type": "visual",
            "fluid_handling": "none",
            "hit_action": {
                "type": "apoli:and",
                "actions": [
                    {
                        "type": "origins:play_sound",
                        "sound": "minecraft:item.chorus_fruit.teleport"
                    },
                    {
                        "type": "origins:spawn_particles",
                        "particle": {
                            "type": "minecraft:portal"
                        },
                        "count": 16,
                        "speed": 0.0,
                        "force": true,
                        "spread": {
                            "x": 0.5,
                            "y": 0.5,
                            "z": 0.5
                        }
                    }
                ]
            },
            "command_at_hit": "tp @s ~ ~ ~"
        }
    },
    "cooldown": 600,
    "delay": 40,
    "onset_delay": 40,
    "hud_render": {
        "should_render": true,
        "sprite_location": "origins:textures/gui/resource_bar.png",
        "bar_index": 6
    },
    "key": {
        "key": "key.origins.secondary_active"
    }
        
}