{
    "name": "Generic.downsides.idkman",
    "description": "You attack slightly faster with melee weapons, but are unable to use ranged weapons very effectively.",
    "type": "origins:multiple",
    "melee": {
        "type": "origins:attribute",
        "modifiers": [
            {
                "attribute": "generic.attack_speed",
                "operation": "multiply_total",
                "value": 0.25
            }
        ],
        "update_health": true
    },
    "projectiles": {
        "type": "origins:modify_projectile_damage",
        "damage_condition": {
            "type": "origins:or",
            "conditions": [
                {
                    "type": "origins:projectile",
                    "projectile": "minecraft:arrow"
                },
                {
                    "type": "origins:projectile",
                    "projectile": "minecraft:spectral_arrow"
                }
            ]
        },
        "modifier": {
            "operation": "multiply_total",
            "value": -0.2
        }
    }
}