{
  "ae2wtlib:recipes/magnet_card": {
    "criteria": {
      "has_wct": "2025-09-21 10:44:46 +0200"
    },
    "done": true
  },
  "ae2wtlib:recipes/wireless_universal_terminal/upgrade_pattern_access": {
    "criteria": {
      "has_wit": "2025-09-21 10:44:46 +0200"
    },
    "done": true
  },
  "ae2wtlib:recipes/wireless_universal_terminal/upgrade_pattern_encoding": {
    "criteria": {
      "has_wpt": "2025-09-21 10:44:46 +0200"
    },
    "done": true
  },
  "ae2wtlib:recipes/wireless_universal_terminal/ce": {
    "criteria": {
      "has_wpt": "2025-09-21 10:44:46 +0200",
      "has_wct": "2025-09-21 10:44:46 +0200"
    },
    "done": true
  },
  "ae2wtlib:recipes/wireless_universal_terminal/ca": {
    "criteria": {
      "has_wit": "2025-09-21 10:44:46 +0200",
      "has_wct": "2025-09-21 10:44:46 +0200"
    },
    "done": true
  },
  "rehooked:recipes/misc/wood_chain": {
    "criteria": {
      "blank": "2025-09-21 10:44:46 +0200"
    },
    "done": true
  },
  "ae2wtlib:recipes/wireless_universal_terminal/upgrade_crafting": {
    "criteria": {
      "has_wct": "2025-09-21 10:44:46 +0200"
    },
    "done": true
  },
  "ae2wtlib:recipes/wireless_universal_terminal/ae": {
    "criteria": {
      "has_wit": "2025-09-21 10:44:46 +0200",
      "has_wpt": "2025-09-21 10:44:46 +0200"
    },
    "done": true
  },
  "ae2wtlib:recipes/wireless_pattern_access_terminal": {
    "criteria": {
      "has_wt": "2025-09-21 10:44:46 +0200"
    },
    "done": true
  },
  "ae2wtlib:recipes/quantum_bridge_card": {
    "criteria": {
      "has_wit": "2025-09-21 10:44:46 +0200",
      "has_wpt": "2025-09-21 10:44:46 +0200",
      "has_wct": "2025-09-21 10:44:46 +0200"
    },
    "done": true
  },
  "rehooked:recipes/misc/diamond_chain": {
    "criteria": {
      "blank": "2025-09-21 10:44:46 +0200"
    },
    "done": true
  },
  "ae2wtlib:recipes/wireless_pattern_encoding_terminal": {
    "criteria": {
      "has_wt": "2025-09-21 10:44:46 +0200"
    },
    "done": true
  },
  "ironfurnaces:coal": {
    "criteria": {
      "rainbowcoal": "2025-09-21 10:44:46 +0200"
    },
    "done": true
  },
  "minecraft:recipes/decorations/crafting_table": {
    "criteria": {
      "unlock_right_away": "2025-09-21 10:44:52 +0200"
    },
    "done": true
  },
  "lootr:root": {
    "criteria": {
      "always_true": "2025-09-21 10:44:52 +0200"
    },
    "done": true
  },
  "minecraft:adventure/adventuring_time": {
    "criteria": {
      "minecraft:plains": "2025-09-21 10:44:53 +0200"
    },
    "done": false
  },
  "DataVersion": 3465
}