{
    "entity": "minecraft:creeper",
    "subtypes": [
        "creeperoverhaul:badlands_creeper",
        "creeperoverhaul:bamboo_creeper",
        "creeperoverhaul:beach_creeper",
        "creeperoverhaul:cave_creeper",
        "creeperoverhaul:dark_oak_creeper",
        "creeperoverhaul:desert_creeper",
        "creeperoverhaul:dripstone_creeper",
        "creeperoverhaul:hills_creeper",
        "creeperoverhaul:jungle_creeper",
        "creeperoverhaul:mushroom_creeper",
        "creeperoverhaul:ocean_creeper",
        "creeperoverhaul:savannah_creeper",
        "creeperoverhaul:snowy_creeper",
        "creeperoverhaul:spruce_creeper",
        "creeperoverhaul:swamp_creeper"
    ],
    "name": "entity.minecraft.creeper",
    "name_color": "#00FFFFFF",
    "gui_scale": 1,
    "gui_x_offset": 0,
    "gui_y_offset": 0,
    "gui_z_offset": 0,
    "sim_cost": 64,
    "input": {
        "item": "hostilenetworks:prediction_matrix"
    },
    "base_drop": {
        "item": "hostilenetworks:overworld_prediction"
    },
    "trivia": "hostilenetworks.trivia.creeper",
    "fabricator_drops": [{
            "item": "minecraft:gunpowder",
            "count": 32
        },
        {
            "item": "minecraft:creeper_head",
            "count": 6
        },
        {
            "item": "minecraft:coal",
            "count": 32
        }
    ]
}