{
    "entity": "minecraft:skeleton",
    "subtypes": [
        "minecraft:stray"
    ],
    "name": "entity.minecraft.skeleton",
    "name_color": "#00FFFFFF",
    "gui_scale": 1,
    "gui_x_offset": 0,
    "gui_y_offset": 0,
    "gui_z_offset": 0,
    "sim_cost": 64,
    "input": {
        "item": "hostilenetworks:prediction_matrix"
    },
    "base_drop": {
        "item": "hostilenetworks:overworld_prediction"
    },
    "trivia": "hostilenetworks.trivia.skeleton",
    "fabricator_drops": [{
            "item": "minecraft:arrow",
            "count": 64
        },
        {
            "item": "minecraft:bone",
            "count": 64
        },
        {
            "item": "minecraft:skeleton_skull",
            "count": 4
        },
        {
            "item": "gtceu:tin_ingot",
            "count": 8
        }
    ]
}