{
    "entity": "minecraft:warden",
    "name": "entity.minecraft.warden",
    "name_color": "#00FFFFFF",
    "gui_scale": 0.5,
    "gui_x_offset": 0,
    "gui_y_offset": 0.5,
    "gui_z_offset": 0,
    "sim_cost": 6666,
    "input": {
        "item": "hostilenetworks:prediction_matrix"
    },
    "base_drop": {
        "item": "hostilenetworks:overworld_prediction"
    },
    "trivia": "hostilenetworks.trivia.warden",
    "fabricator_drops": [
        {
            "item": "minecraft:sculk_catalyst",
            "count": 1
        },
        {
            "item": "kubejs:deep_dark_data",
            "count": 1
        },
        {
            "item": "kubejs:warden_horn",
            "count": 1
        }
    ],
    "data_per_kill": [
        3, 12, 30, 45
    ]
}