{
    "entity": "minecraft:witch",
    "name": "entity.minecraft.witch",
    "name_color": "#00FFFFFF",
    "gui_scale": 0.8,
    "gui_x_offset": 0,
    "gui_y_offset": 0,
    "gui_z_offset": 0,
    "sim_cost": 512,
    "input": {
        "item": "hostilenetworks:prediction_matrix"
    },
    "base_drop": {
        "item": "hostilenetworks:overworld_prediction"
    },
    "trivia": "hostilenetworks.trivia.witch",
    "fabricator_drops": [{
            "item": "minecraft:redstone",
            "count": 16
        },
        {
            "item": "minecraft:glowstone_dust",
            "count": 16
        },
        {
            "item": "minecraft:sugar",
            "count": 16
        }
    ]
}