{
    "entity": "minecraft:wither_skeleton",
    "name": "entity.minecraft.wither_skeleton",
    "name_color": "#00FFFFFF",
    "gui_scale": 1,
    "gui_x_offset": 0,
    "gui_y_offset": 0,
    "gui_z_offset": 0,
    "sim_cost": 1024,
    "input": {
        "item": "hostilenetworks:prediction_matrix"
    },
    "base_drop": {
        "item": "hostilenetworks:nether_prediction"
    },
    "fabricator_drops": [{
            "item": "minecraft:wither_skeleton_skull",
            "count": 4
        },
        {
            "item": "gtceu:lead_ingot",
            "count": 12
        }
    ]
}