{
	"carvers": {
		"air": [
			"minecraft:cave",
			"minecraft:cave_extra_underground",
			"minecraft:canyon"
		]
	},
	"downfall": 0.0,
	"effects": {
		"mood_sound": {
			"block_search_extent": 8,
			"offset": 2.0,
			"sound": "minecraft:ambient.cave",
			"tick_delay": 6000
		},
		"music": {
			"max_delay": 24000,
			"min_delay": 12000,
			"replace_current_music": false,
			"sound": "minecraft:music.overworld.flower_forest"
		},
		"foliage_color": 11123575,
		"sky_color": 7391487,
		"fog_color": 14598542,
		"water_color": 4445678,
		"water_fog_color": 270131
	},
	"features": [
		[
			"wythers:terrain/local/stone_cliffs",
			"wythers:road/andesite",
			"wythers:terrain/extended/replace_stone_to_diorite"
		],
		[
			"minecraft:lake_lava_underground",
			"minecraft:lake_lava_surface"
		],
		[
			"minecraft:amethyst_geode",
			"wythers:terrain/local/replace_granite_to_diorite"
		],
		[
			"minecraft:monster_room",
			"minecraft:monster_room_deep"
		],
		[],
		[
			"wythers:terrain/local/cave_disk_basalt",
			"wythers:terrain/local/cave_disk_blackstone",
			"wythers:terrain/local/cave_disk_magma"
		],
		[
			"minecraft:ore_dirt",
			"minecraft:ore_gravel",
			"minecraft:ore_granite_upper",
			"minecraft:ore_granite_lower",
			"minecraft:ore_diorite_upper",
			"minecraft:ore_diorite_lower",
			"minecraft:ore_andesite_upper",
			"minecraft:ore_andesite_lower",
			"minecraft:ore_tuff",
			"minecraft:ore_coal_upper",
			"minecraft:ore_coal_lower",
			"minecraft:ore_iron_upper",
			"minecraft:ore_iron_middle",
			"minecraft:ore_iron_small",
			"minecraft:ore_gold",
			"minecraft:ore_gold_lower",
			"minecraft:ore_redstone",
			"minecraft:ore_redstone_lower",
			"minecraft:ore_diamond",
			"minecraft:ore_diamond_large",
			"minecraft:ore_diamond_buried",
			"minecraft:ore_lapis",
			"minecraft:ore_lapis_buried",
			"minecraft:ore_copper",
			"minecraft:underwater_magma",
			"wythers:terrain/local/disk_sand_shore",
			"wythers:terrain/extended/disk_clay_dirt_only",
			"minecraft:disk_sand",
			"minecraft:disk_clay",
			"minecraft:disk_gravel",
			"wythers:terrain/local/replace_volcanics_flower_forest"
		],
		[],
		[
			"minecraft:spring_water",
			"minecraft:spring_lava"
		],
		[
			"minecraft:glow_lichen",
			"minecraft:flower_forest_flowers",
			"minecraft:flower_flower_forest",
			"wythers:vegetation/local/bushes/mediterranean",
			"wythers:vegetation/extended/trees/mediterranean_woods",
			"wythers:vegetation/local/patch/flower_mediterranean_lilacs",
			"wythers:vegetation/extended/trees/sclerophyllous_woods",
			"wythers:vegetation/extended/trees/savanna_mediterranean_woods",
			"wythers:vegetation/extended/trees/windbreak_1",
			"wythers:vegetation/extended/trees/windbreak_2",
			"wythers:vegetation/extended/patch/flower_dry_mediterranean",
			"wythers:vegetation/local/patch/grass_standard",
			"minecraft:brown_mushroom_normal",
			"minecraft:red_mushroom_normal"
		],
		[
			"minecraft:freeze_top_layer",
			"wythers:terrain/local/pamukkale_diorite",
			"wythers:terrain/local/pamukkale_calcite",
			"wythers:terrain/local/pamukkale_pools",
			"wythers:terrain/extended/volcanic_extinction",
			"wythers:decor/dense_steam"
		]
	],
	"has_precipitation": true,
	"spawn_costs": { },
	"spawners": {
		"ambient": [
			{
				"type": "minecraft:bat",
				"maxCount": 8,
				"minCount": 8,
				"weight": 10
			}
		],
		"axolotls": [],
		"creature": [
			{
				"type": "minecraft:sheep",
				"maxCount": 4,
				"minCount": 4,
				"weight": 12
			},
			{
				"type": "minecraft:pig",
				"maxCount": 4,
				"minCount": 4,
				"weight": 10
			},
			{
				"type": "minecraft:chicken",
				"maxCount": 4,
				"minCount": 4,
				"weight": 10
			},
			{
				"type": "minecraft:cow",
				"maxCount": 4,
				"minCount": 4,
				"weight": 8
			},
			{
				"type": "minecraft:rabbit",
				"maxCount": 3,
				"minCount": 2,
				"weight": 4
			}
		],
		"misc": [],
		"monster": [
			{
				"type": "minecraft:spider",
				"maxCount": 4,
				"minCount": 4,
				"weight": 100
			},
			{
				"type": "minecraft:zombie",
				"maxCount": 4,
				"minCount": 4,
				"weight": 95
			},
			{
				"type": "minecraft:zombie_villager",
				"maxCount": 1,
				"minCount": 1,
				"weight": 5
			},
			{
				"type": "minecraft:skeleton",
				"maxCount": 4,
				"minCount": 4,
				"weight": 100
			},
			{
				"type": "minecraft:creeper",
				"maxCount": 4,
				"minCount": 4,
				"weight": 100
			},
			{
				"type": "minecraft:slime",
				"maxCount": 4,
				"minCount": 4,
				"weight": 100
			},
			{
				"type": "minecraft:enderman",
				"maxCount": 4,
				"minCount": 1,
				"weight": 10
			},
			{
				"type": "minecraft:witch",
				"maxCount": 1,
				"minCount": 1,
				"weight": 5
			}
		],
		"underground_water_creature": [
			{
				"type": "minecraft:glow_squid",
				"maxCount": 6,
				"minCount": 4,
				"weight": 10
			}
		],
		"water_ambient": [],
		"water_creature": []
	},
	"temperature": 1.2
}