{
	"carvers": {
		"air": [
			"minecraft:cave",
			"minecraft:cave_extra_underground",
			"minecraft:canyon"
		]
	},
	"downfall": 0.2,
	"effects": {
		"mood_sound": {
			"block_search_extent": 8,
			"offset": 2.0,
			"sound": "minecraft:ambient.cave",
			"tick_delay": 6000
		},
		"sky_color": 6269917,
		"fog_color": 12638463,
		"water_color": 4445678,
		"water_fog_color": 270131,
		"foliage_color": 9222750
	},
	"features": [
		[
			"wythers:terrain/local/stone_cliffs",
			"wythers:road/sunflower_plains",
			"wythers:terrain/extended/replace_stone_to_granite"
		],
		[
			"minecraft:lake_lava_underground",
			"minecraft:lake_lava_surface"
		],
		[
			"minecraft:amethyst_geode",
			"wythers:terrain/local/replace_diorite_to_granite"
		],
		[
			"minecraft:monster_room",
			"minecraft:monster_room_deep"
		],
		[],
		[],
		[
			"minecraft:ore_dirt",
			"minecraft:ore_gravel",
			"minecraft:ore_granite_upper",
			"minecraft:ore_granite_lower",
			"minecraft:ore_diorite_upper",
			"minecraft:ore_diorite_lower",
			"minecraft:ore_andesite_upper",
			"minecraft:ore_andesite_lower",
			"minecraft:ore_tuff",
			"minecraft:ore_coal_upper",
			"minecraft:ore_coal_lower",
			"minecraft:ore_iron_upper",
			"minecraft:ore_iron_middle",
			"minecraft:ore_iron_small",
			"minecraft:ore_gold",
			"minecraft:ore_gold_lower",
			"minecraft:ore_redstone",
			"minecraft:ore_redstone_lower",
			"minecraft:ore_diamond",
			"minecraft:ore_diamond_large",
			"minecraft:ore_diamond_buried",
			"minecraft:ore_lapis",
			"minecraft:ore_lapis_buried",
			"minecraft:ore_copper",
			"minecraft:underwater_magma",
			"minecraft:disk_sand",
			"minecraft:disk_clay",
			"minecraft:disk_gravel"
		],
		[],
		[
			"minecraft:spring_water",
			"minecraft:spring_lava"
		],
		[
			"minecraft:glow_lichen",
			"wythers:vegetation/extended/trees/mediterranean_woods",
			"minecraft:patch_tall_grass_2",
			"wythers:vegetation/extended/patch/sunflower",
			"wythers:vegetation/extended/trees/sclerophyllous_woods",
			"wythers:vegetation/extended/trees/savanna_mediterranean_woods",
			"wythers:vegetation/extended/trees/windbreak_1",
			"wythers:vegetation/extended/trees/windbreak_2",
			"wythers:vegetation/extended/patch/flower_humid_mediterranean",
			"minecraft:flower_plains",
			"minecraft:patch_grass_plain",
			"minecraft:brown_mushroom_normal",
			"minecraft:red_mushroom_normal",
			"minecraft:patch_sugar_cane",
			"minecraft:patch_pumpkin"
		],
		[
			"minecraft:freeze_top_layer",
			"wythers:terrain/extended/volcanic_extinction"
		]
	],
	"has_precipitation": true,
	"spawn_costs": { },
	"spawners": {
		"ambient": [
			{
				"type": "minecraft:bat",
				"maxCount": 8,
				"minCount": 8,
				"weight": 10
			}
		],
		"axolotls": [],
		"creature": [
			{
				"type": "minecraft:sheep",
				"maxCount": 4,
				"minCount": 4,
				"weight": 12
			},
			{
				"type": "minecraft:pig",
				"maxCount": 4,
				"minCount": 4,
				"weight": 10
			},
			{
				"type": "minecraft:chicken",
				"maxCount": 4,
				"minCount": 4,
				"weight": 10
			},
			{
				"type": "minecraft:cow",
				"maxCount": 4,
				"minCount": 4,
				"weight": 8
			},
			{
				"type": "minecraft:horse",
				"maxCount": 6,
				"minCount": 2,
				"weight": 5
			},
			{
				"type": "minecraft:donkey",
				"maxCount": 3,
				"minCount": 1,
				"weight": 1
			}
		],
		"misc": [],
		"monster": [
			{
				"type": "minecraft:spider",
				"maxCount": 4,
				"minCount": 4,
				"weight": 100
			},
			{
				"type": "minecraft:zombie",
				"maxCount": 4,
				"minCount": 4,
				"weight": 95
			},
			{
				"type": "minecraft:zombie_villager",
				"maxCount": 1,
				"minCount": 1,
				"weight": 5
			},
			{
				"type": "minecraft:skeleton",
				"maxCount": 4,
				"minCount": 4,
				"weight": 100
			},
			{
				"type": "minecraft:creeper",
				"maxCount": 4,
				"minCount": 4,
				"weight": 100
			},
			{
				"type": "minecraft:slime",
				"maxCount": 4,
				"minCount": 4,
				"weight": 100
			},
			{
				"type": "minecraft:enderman",
				"maxCount": 4,
				"minCount": 1,
				"weight": 10
			},
			{
				"type": "minecraft:witch",
				"maxCount": 1,
				"minCount": 1,
				"weight": 5
			}
		],
		"underground_water_creature": [
			{
				"type": "minecraft:glow_squid",
				"maxCount": 6,
				"minCount": 4,
				"weight": 10
			}
		],
		"water_ambient": [],
		"water_creature": []
	},
	"temperature": 1.2
}