{
    "name": "Equine Diet",
    "description": "Due to your digestive system being partly that of a horse, you are capable of eating some additional things (mainly hay).\n However, your larger body demands more intake!\n",
    "type": "origins:multiple",
    "vegetables": {
        "type": "origins:modify_food",
        "item_condition": {
            "type": "origins:ingredient",
            "ingredient": {
                "tag": "origins:food/generic_vegetable"
            }
        },
        "food_modifier": {
            "operation": "addition",
            "value": 1
        },
        "saturation_modifier": {
            "operation": "addition",
            "value": 0.2
        }
    },
    "edible_tooltip_veg": {
        "type": "origins:tooltip",
        "item_condition": {
            "type": "origins:ingredient",
            "ingredient": {
                "tag": "origins:food/generic_vegetable"
            }
        },
        "text": "§7Edible (§bEquine Diet§7)",
        "order": 0
    },
    "edible_tooltip_fruit": {
        "type": "origins:tooltip",
        "item_condition": {
            "type": "origins:ingredient",
            "ingredient": {
                "tag": "origins:food/generic_fruits"
            }
        },
        "text": "§7Edible (§aEquine Diet§7)",
        "order": 0
    },
    "edible_tooltip_mixed": {
        "type": "origins:tooltip",
        "item_condition": {
            "type": "origins:ingredient",
            "ingredient": {
                "tag": "origins:food/generic_mixed_varied"
            }
        },
        "text": "§7Edible (§aEquine Diet§7)",
        "order": 0
    },
    "edible_tooltip_drinks": {
        "type": "origins:tooltip",
        "item_condition": {
            "type": "origins:ingredient",
            "ingredient": {
                "tag": "origins:food/accesible_drinks"
            }
        },
        "text": "§7Edible (§aEquine Diet§7)",
        "order": 0
    },
    "breads": {
        "type": "origins:modify_food",
        "item_condition": {
            "type": "origins:ingredient",
            "ingredient": {
                "tag": "origins:food/generic_breads_cakes"
            }
        },
        "food_modifier": {
            "operation": "addition",
            "value": 1
        },
        "saturation_modifier": {
            "operation": "addition",
            "value": 0.3
        }
    },
    "edible_tooltip_bread": {
        "type": "origins:tooltip",
        "item_condition": {
            "type": "origins:ingredient",
            "ingredient": {
                "tag": "origins:food/generic_breads_cakes"
            }
        },
        "text": "§7Edible (§bEquine Diet§7)",
        "order": 0
    },
    "edible_tooltip_dairy": {
        "type": "origins:tooltip",
        "item_condition": {
            "type": "origins:ingredient",
            "ingredient": {
                "tag": "origins:food/generic_dairy"
            }
        },
        "text": "§7Edible (§aEquine Diet§7)",
        "order": 0
    },
    "edible_tooltip_mushroom": {
        "type": "origins:tooltip",
        "item_condition": {
            "type": "origins:ingredient",
            "ingredient": {
                "tag": "origins:food/generic_mushroom"
            }
        },
        "text": "§7Edible (§aEquine Diet§7)",
        "order": 0
    },
    "meat": {
        "type": "origins:modify_food",
        "item_condition": {
            "type": "origins:ingredient",
            "ingredient": {
                "tag": "origins:food/generic_meat_raw"
            },
            "food_modifier": {
                "operation": "addition",
                "value": -2
            }
        }
    },
    "edible_tooltip_meat": {
        "type": "origins:tooltip",
        "item_condition": {
            "type": "origins:ingredient",
            "ingredient": {
                "tag": "origins:food/generic_meat_raw"
            }
        },
        "text": "§7Edible (§cEquine Diet§7)",
        "order": 0
    },
    "raw_meat_hunger": {
        "type": "origins:action_on_item_use",
        "entity_action": {
            "type": "origins:apply_effect",
            "effects": [
                {
                    "effect": "minecraft:hunger",
                    "duration": 600,
                    "amplifier": 0,
                    "show_particles": true,
                    "show_icon": true
                }
            ]
        },
        "item_condition": {
            "type": "origins:ingredient",
            "ingredient": {
                "tag": "origins:food/generic_meat_raw"
            }
        },
        "trigger": "finish",
        "priority": 0
    },
    "meat_cooked": {
        "type": "origins:modify_food",
        "item_condition": {
            "type": "origins:ingredient",
            "ingredient": {
                "tag": "origins:food/generic_meat_cooked"
            },
            "food_modifier": {
                "operation": "addition",
                "value": -1
            }
        }
    },
    "edible_tooltip_meat_cooked": {
        "type": "origins:tooltip",
        "item_condition": {
            "type": "origins:ingredient",
            "ingredient": {
                "tag": "origins:food/generic_meat_cooked"
            }
        },
        "text": "§7Edible (§6Equine Diet§7)",
        "order": 0
    },
    "edible_tooltip_eggs": {
        "type": "origins:tooltip",
        "item_condition": {
            "type": "origins:ingredient",
            "ingredient": {
                "tag": "origins:food/generic_eggs"
            }
        },
        "text": "§7Edible (§aEquine Diet§7)",
        "order": 0
    },
    "mixed_meat": {
        "type": "origins:modify_food",
        "item_condition": {
            "type": "origins:ingredient",
            "ingredient": {
                "tag": "origins:food/generic_mixed_mostly_meat"
            },
            "food_modifier": {
                "operation": "addition",
                "value": -1
            }
        }
    },
    "edible_tooltip_mixed_meat": {
        "type": "origins:tooltip",
        "item_condition": {
            "type": "origins:ingredient",
            "ingredient": {
                "tag": "origins:food/generic_mixed_mostly_meat"
            }
        },
        "text": "§7Edible (§6Equine Diet§7)",
        "order": 0
    },
    "grains_eat": {
        "type": "apugli:edible_item",
        "item_condition": {
            "type": "apoli:ingredient",
            "ingredient": {
                "tag": "origins:food/centaur_grains"
            }
        },
        "food_component": {
            "hunger": 2,
            "saturation": 0.5
        },
        "consume_animation": "eat",
        "priority": 0
    },
    "edible_tooltip_grains": {
        "type": "origins:tooltip",
        "item_condition": {
            "type": "origins:ingredient",
            "ingredient": {
                "tag": "origins:food/centaur_grains"
            }
        },
        "text": "§7Edible (§bEquine Diet§7)",
        "order": 0
    },
    "misc_eat": {
        "type": "apugli:edible_item",
        "item_condition": {
            "type": "apoli:ingredient",
            "ingredient": {
                "tag": "origins:food/centaur_misc"
            }
        },
        "food_component": {
            "hunger": 1,
            "saturation": 0.5
        },
        "consume_animation": "eat",
        "priority": 0
    },
    "edible_tooltip_misc": {
        "type": "origins:tooltip",
        "item_condition": {
            "type": "origins:ingredient",
            "ingredient": {
                "tag": "origins:food/centaur_misc"
            }
        },
        "text": "§7Edible (§eEquine Diet§7)",
        "order": 0
    },
    "bale_eat": {
        "type": "apugli:edible_item",
        "item_condition": {
            "type": "apoli:ingredient",
            "ingredient": {
                "tag": "origins:food/centaur_bales"
            }
        },
        "food_component": {
            "hunger": 18,
            "saturation": 0.5
        },
        "consume_animation": "eat",
        "consuming_time_modifier": {
            "operation": "multiply_base_multiplicative",
            "value": 2.5
        },
        "priority": 0
    },
    "edible_tooltip_bales": {
        "type": "origins:tooltip",
        "item_condition": {
            "type": "origins:ingredient",
            "ingredient": {
                "tag": "origins:food/centaur_bales"
            }
        },
        "text": "§7Edible (§bEquine Diet§7)",
        "order": 0
    },
    "bad_bale_eat": {
        "type": "apugli:edible_item",
        "item_condition": {
            "type": "apoli:ingredient",
            "ingredient": {
                "tag": "origins:food/centaur_bad_bales"
            }
        },
        "food_component": {
            "hunger": 10,
            "saturation": 0.5
        },
        "consume_animation": "eat",
        "consuming_time_modifier": {
            "operation": "multiply_base_multiplicative",
            "value": 2.5
        },
        "priority": 0
    },
    "edible_tooltip_bad_bales": {
        "type": "origins:tooltip",
        "item_condition": {
            "type": "origins:ingredient",
            "ingredient": {
                "tag": "origins:food/centaur_bad_bales"
            }
        },
        "text": "§7Edible (§eEquine Diet§7)",
        "order": 0
    },
    "special_eat": {
        "type": "apugli:edible_item",
        "item_condition": {
            "type": "apoli:ingredient",
            "ingredient": {
                "tag": "origins:food/centaur_special"
            }
        },
        "food_component": {
            "hunger": 16,
            "saturation": 1
        },
        "consume_animation": "eat",
        "consuming_time_modifier": {
            "operation": "multiply_base_multiplicative",
            "value": 1.5
        },
        "priority": 0
    },
    "edible_tooltip_special": {
        "type": "origins:tooltip",
        "item_condition": {
            "type": "origins:ingredient",
            "ingredient": {
                "tag": "origins:food/centaur_special"
            }
        },
        "text": "§7Edible (§bEquine Diet§7)",
        "order": 0
    },
    "increased_exhaustion": {
        "type": "origins:modify_exhaustion",
        "modifier": {
            "name": "Increased exhaustion",
            "operation": "multiply_base",
            "value": 0.75
        }
    }
}
