{
    "name": "bag_slow",
    "description": "Slowdown if saddle bags have items in",
    "hidden": true,
    "type": "origins:conditioned_attribute",
    "modifier": {
        "attribute": "minecraft:generic.movement_speed",
        "operation": "addition",
        "value": -0.25
    },
    "tick_rate": 20,
    "condition": {
        "type": "origins:inventory",
        "inventory_types": ["power"],
        "process_mode": "items",
        "power": "centaur:saddle_bags",
        "comparison": ">",
        "compare_to": 0
    }
}