{
    "name": "Equine Diet",
    "description": "Due to your digestive system being partly that of a horse, you are capable of eating some additional things (mainly hay).\n However, your larger body demands more intake!\n",
    "type": "origins:multiple",
    "more_saturation": {
        "type": "origins:modify_food",
        "item_condition": {
            "type": "origins:ingredient",
            "ingredient": {
                "tag": "centaur:vanilla_edible_foods"
            }
        },
        "food_modifier": {
            "operation": "addition",
            "value": 1
        },
        "saturation_modifier": {
            "operation": "addition",
            "value": 0.2
        }
    },
    "less_saturation": {
        "type": "origins:modify_food",
        "item_condition": {
            "type": "origins:ingredient",
            "ingredient": {
                "tag": "origins:meat"
            },
            "food_modifier": {
                "operation": "addition",
                "value": -1
            }
        }
    },
    "sugar_eat": {
        "type": "apugli:edible_item",
        "item_condition": {
            "type": "apoli:ingredient",
            "ingredient": {
                "item": "minecraft:sugar"
            }
        },
        "food_component": {
            "hunger": 1,
            "saturation": 0.5,
            "snack": true
        },
        "consume_animation": "eat",
        "priority": 0
    },
    "sugarcane_eat": {
        "type": "apugli:edible_item",
        "item_condition": {
            "type": "apoli:ingredient",
            "ingredient": {
                "item": "minecraft:sugar_cane"
            }
        },
        "food_component": {
            "hunger": 1.5,
            "saturation": 0.5,
            "snack": true
        },
        "consume_animation": "eat",
        "priority": 0
    },
    "thermal_sugarcane_block_eat": {
        "type": "apugli:edible_item",
        "item_condition": {
            "type": "apoli:ingredient",
            "ingredient": {
                "item": "minecraft:sugar"
            }
        },
        "food_component": {
            "hunger": 8,
            "saturation": 0.5,
            "snack": true
        },
        "consume_animation": "eat",
        "consuming_time_modifier": {
            "operation": "multiply_base_multiplicative",
            "value": 1.5
        },
        "priority": 0
    },
    "grain_eat": {
        "type": "apugli:edible_item",
        "item_condition": {
            "type": "apoli:ingredient",
            "ingredient": {
                "tag": "centaur:ed_grains"
            }
        },
        "food_component": {
            "hunger": 2,
            "saturation": 0.5
        },
        "consume_animation": "eat",
        "priority": 0
    },
    "bale_eat": {
        "type": "apugli:edible_item",
        "item_condition": {
            "type": "apoli:ingredient",
            "ingredient": {
                "tag": "centaur:ed_bales"
            }
        },
        "food_component": {
            "hunger": 18,
            "saturation": 0.5
        },
        "consume_animation": "eat",
        "consuming_time_modifier": {
            "operation": "multiply_base_multiplicative",
            "value": 2.5
        },
        "priority": 0
    },
    "bad_grain_eat": {
        "type": "apugli:edible_item",
        "item_condition": {
            "type": "apoli:ingredient",
            "ingredient": {
                "tag": "ed_bad_grains"
            }
        },
        "food_component": {
            "hunger": 1,
            "saturation": 0.5
        },
        "consume_animation": "eat",
        "priority": 0
    },
    "bad_bale_eat": {
        "type": "apugli:edible_item",
        "item_condition": {
            "type": "apoli:ingredient",
            "ingredient": {
                "tag": "centaur:ed_bad_bales"
            }
        },
        "food_component": {
            "hunger": 9,
            "saturation": 0.5
        },
        "consume_animation": "eat",
        "consuming_time_modifier": {
            "operation": "multiply_base_multiplicative",
            "value": 2.0
        },
        "priority": 0
    },
    "fd_horsefeed_eat": {
        "type": "apugli:edible_item",
        "item_condition": {
            "type": "apoli:ingredient",
            "ingredient": {
                "item": "farmersdelight:horse_feed"
            }
        },
        "food_component": {
            "hunger": 14,
            "saturation": 0.75,
            "snack": true
        },
        "consume_animation": "eat",
        "consuming_time_modifier": {
            "operation": "multiply_base_multiplicative",
            "value": 1.5
        },
        "priority": 0
    },
    "fc_horsefodder_eat": {
        "type": "apugli:edible_item",
        "item_condition": {
            "type": "apoli:ingredient",
            "ingredient": {
                "item": "farm_and_charm:horse_fodder"
            }
        },
        "food_component": {
            "hunger": 10,
            "saturation": 0.75,
            "snack": true
        },
        "consume_animation": "eat",
        "consuming_time_modifier": {
            "operation": "multiply_base_multiplicative",
            "value": 1.2
        },
        "priority": 0
    },
    "brewery_dried_wheat_eat": {
        "type": "apugli:edible_item",
        "item_condition": {
            "type": "apoli:ingredient",
            "ingredient": {
                "item": "brewery:dried_wheat"
            }
        },
        "food_component": {
            "hunger": 3,
            "saturation": 0.75
        },
        "consume_animation": "eat",
        "consuming_time_modifier": {
            "operation": "multiply_base_multiplicative",
            "value": 1.3
        },
        "priority": 0
    },
    "brewery_dried_barley_eat": {
        "type": "apugli:edible_item",
        "item_condition": {
            "type": "apoli:ingredient",
            "ingredient": {
                "item": "brewery:dried_barley"
            }
        },
        "food_component": {
            "hunger": 3,
            "saturation": 0.75
        },
        "consume_animation": "eat",
        "consuming_time_modifier": {
            "operation": "multiply_base_multiplicative",
            "value": 1.3
        },
        "priority": 0
    },
    "brewery_dried_corn_eat": {
        "type": "apugli:edible_item",
        "item_condition": {
            "type": "apoli:ingredient",
            "ingredient": {
                "item": "brewery:dried_corn"
            }
        },
        "food_component": {
            "hunger": 3,
            "saturation": 0.75
        },
        "consume_animation": "eat",
        "consuming_time_modifier": {
            "operation": "multiply_base_multiplicative",
            "value": 1.3
        },
        "priority": 0
    },
    "brewery_dried_oat_eat": {
        "type": "apugli:edible_item",
        "item_condition": {
            "type": "apoli:ingredient",
            "ingredient": {
                "item": "brewery:dried_oat"
            }
        },
        "food_component": {
            "hunger": 3,
            "saturation": 0.75
        },
        "consume_animation": "eat",
        "consuming_time_modifier": {
            "operation": "multiply_base_multiplicative",
            "value": 1.3
        },
        "priority": 0
    },
    "fc_flour_eat": {
        "type": "apugli:edible_item",
        "item_condition": {
            "type": "apoli:ingredient",
            "ingredient": {
                "item": "farm_and_charm:flour"
            }
        },
        "food_component": {
            "hunger": 2,
            "saturation": 0.5
        },
        "consume_animation": "eat",
        "consuming_time_modifier": {
            "operation": "multiply_base_multiplicative",
            "value": 1.1
        },
        "priority": 0
    },
    
    "increased_exhaustion": {
        "type": "origins:modify_exhaustion",
        "modifier": {
            "name": "Increased exhaustion",
            "operation": "multiply_base",
            "value": 0.75
        }
    },
    "edible_tooltip": {
        "type": "origins:tooltip",
        "item_condition": {
            "type": "origins:ingredient",
            "ingredient": {
                "tag": "centaur:equine_diet_foods"
            }
        },
        "text": "§7Edible (§aEquine Diet§7)",
        "order": 0
    }
}
