{
    "name": "kick_sense",
    "description": "Sixth sense UI bit to make kicking more doable.",
    "hidden": true,
    "type": "origins:overlay",
    "texture": "minecraft:textures/misc/vignette.png",
    "strength": 0.45,
    "red": 0.9,
    "green": 0.2,
    "blue": 0.2,
    "draw_mode": "texture",
    "draw_phase": "below_hud",
    "hide_with_hud": true,
    "visible_in_third_person": true,
    "condition": {
        "type": "origins:raycast",
        "distance": -4,
        "block": false,
        "entity": true,
        "shape_type": "collider",
        "fluid_handling": "none",
        "space": "local_horizontal_normalized",
        "direction": {
            "x": 0.0,
            "y": -1.4,
            "z": 1.0
        }
    }
    
}