{
    "name": "Saddle Bags",
    "description": "Your larger body allows you to carry additional items, using saddle bags. Doing so will slow you down however.",
    "badges": [
        {
            "type": "origins:tooltip",
            "text": "Open saddle bags with the origin secondary ability key!.",
            "sprite": "origins:textures/gui/badge/info.png"
        }
    ],
    "type": "origins:multiple",
    "self_bags": {
        "type": "origins:inventory",
        "title": "Saddle Bags",
        "container_type": "chest",
        "drop_on_death": true,
        "recoverable": true,
        "key": {
            "key": "key.origins.secondary_active"
        }

    },
    "others_bags": {
        "type": "origins:simple"
    }
}