{
    "neoforge:conditions": [
        {
            "type": "neoforge:registered",
            "value": "kubejs:moni_penny"
        }
    ],
    "type": "minecraft:chest",
    "pools": [
        {
            "rolls": {
                "type": "minecraft:binomial",
                "n": 2,
                "p": 0.1
            },
            "entries": [
                {
                    "type": "minecraft:item",
                    "name": "kubejs:moni_penny",
                    "weight": 100,
                    "functions": [
                        {
                            "function": "minecraft:set_count",
                            "count": {
                                "type": "minecraft:uniform",
                                "min": 20,
                                "max": 50
                            }
                        }
                    ]
                },
                {
                    "type": "minecraft:item",
                    "name": "kubejs:moni_nickel",
                    "weight": 20,
                    "functions": [
                        {
                            "function": "minecraft:set_count",
                            "count": {
                                "type": "minecraft:uniform",
                                "min": 6,
                                "max": 12
                            }
                        }
                    ]
                },
                {
                    "type": "minecraft:item",
                    "name": "kubejs:moni_quarter",
                    "weight": 4,
                    "functions": [
                        {
                            "function": "minecraft:set_count",
                            "count": {
                                "type": "minecraft:uniform",
                                "min": 2,
                                "max": 3
                            }
                        }
                    ]
                },
                {
                    "type": "minecraft:item",
                    "name": "kubejs:moni_dollar",
                    "weight": 1,
                    "functions": [
                        {
                            "function": "minecraft:set_count",
                            "count": 1
                        }
                    ]
                }
            ]
        }
    ]
}