{
    "type": "minecraft:chest",
    "pools": [
        {
            "rolls": {
                "type": "minecraft:binomial",
                "n": 2,
                "p": 0.07
            },
            "entries": [
                {
                    "type": "minecraft:item",
                    "name": "gtceu:zero_point_module",
                    "weight": 1
                },
                {
                    "type": "minecraft:item",
                    "name": "gtceu:tantalum_capacitor",
                    "weight": 100,
                    "functions": [
                        {
                            "function": "minecraft:set_nbt",
                            "tag": "{Charge:800L}"
                        }
                    ]
                },
                {
                    "type": "minecraft:item",
                    "name": "gtceu:tantalum_capacitor",
                    "weight": 300,
                    "functions": [
                        {
                            "function": "minecraft:set_nbt",
                            "tag": "{Charge:200L}"
                        }
                    ]
                },
                {
                    "type": "minecraft:item",
                    "name": "gtceu:lv_sodium_battery",
                    "weight": 75,
                    "functions": [
                        {
                            "function": "minecraft:set_nbt",
                            "tag": "{Charge:65000L}"
                        }
                    ]
                },
                {
                    "type": "minecraft:item",
                    "name": "gtceu:lv_sodium_battery",
                    "weight": 225,
                    "functions": [
                        {
                            "function": "minecraft:set_nbt",
                            "tag": "{Charge:48000L}"
                        }
                    ]
                },
                {
                    "type": "minecraft:item",
                    "name": "gtceu:lv_cadmium_battery",
                    "weight": 45,
                    "functions": [
                        {
                            "function": "minecraft:set_nbt",
                            "tag": "{Charge:33000L}"
                        }
                    ]
                },
                {
                    "type": "minecraft:item",
                    "name": "gtceu:lv_cadmium_battery",
                    "weight": 135,
                    "functions": [
                        {
                            "function": "minecraft:set_nbt",
                            "tag": "{Charge:12000L}"
                        }
                    ]
                },
                {
                    "type": "minecraft:item",
                    "name": "gtceu:lv_lithium_battery",
                    "weight": 30,
                    "functions": [
                        {
                            "function": "minecraft:set_nbt",
                            "tag": "{Charge:75000L}"
                        }
                    ]
                }
            ]
        },
        {
            "rolls": {
                "type": "minecraft:binomial",
                "n": 1,
                "p": 0.1
            },
            "entries": [
                {
                    "type": "minecraft:item",
                    "name": "minecraft:sponge",
                    "weight": 6,
                    "functions": [
                        {
                            "function": "minecraft:set_count",
                            "count": {
                                "type": "minecraft:uniform",
                                "min": 2,
                                "max": 16
                            }
                        }
                    ]
                },
                {
                    "type": "minecraft:item",
                    "name": "gtceu:invar_lighter",
                    "weight": 1,
                    "functions": [
                        {
                            "function": "minecraft:set_nbt",
                            "tag": "{Fluid:{Amount:87,FluidName:\"gtceu:butane\"}}"
                        }
                    ]
                },
                {
                    "type": "minecraft:item",
                    "name": "gtceu:invar_lighter",
                    "weight": 1,
                    "functions": [
                        {
                            "function": "minecraft:set_nbt",
                            "tag": "{Fluid:{Amount:23,FluidName:\"gtceu:propane\"}}"
                        }
                    ]
                }
            ]
        },
        {
            "rolls": {
                "type": "minecraft:binomial",
                "n": 2,
                "p": 0.25
            },
            "entries": [
                {
                    "type": "minecraft:item",
                    "name": "ulvcovm:ulv_electric_pump",
                    "weight": 2
                },
                {
                    "type": "minecraft:item",
                    "name": "ulvcovm:ulv_conveyor_module",
                    "weight": 3
                },
                {
                    "type": "minecraft:item",
                    "name": "ulvcovm:ulv_fluid_regulator",
                    "weight": 1
                },
                {
                    "type": "minecraft:item",
                    "name": "ulvcovm:ulv_robot_arm",
                    "weight": 1
                },
                {
                    "type": "minecraft:item",
                    "name": "ulvcovm:ulv_electric_motor",
                    "weight": 3
                },
                {
                    "type": "minecraft:item",
                    "name": "ulvcovm:ulv_electric_piston",
                    "weight": 2
                }
            ]
        }
    ]
}
