{
  "type": "minecraft:tree",
  "config": {
    "decorators": [],
    "dirt_provider": {
      "type": "minecraft:simple_state_provider",
      "state": {
        "Name": "minecraft:snow_block"
      }
    },
    "foliage_placer": {
      "type": "minecraft:pine_foliage_placer",
      "height": 4,
      "offset": 3,
      "radius": 1
    },
    "foliage_provider": {
      "type": "minecraft:simple_state_provider",
      "state": {
        "Name": "ad_astra:glacian_leaves",
        "Properties": {
          "distance": "7",
          "persistent": "false",
          "waterlogged": "false"
        }
      }
    },
    "force_dirt": false,
    "ignore_vines": true,
    "minimum_size": {
      "type": "minecraft:two_layers_feature_size",
      "limit": 1,
      "lower_size": 0,
      "upper_size": 1
    },
    "trunk_placer": {
      "type": "minecraft:forking_trunk_placer",
      "base_height": 5,
      "height_rand_a": 2,
      "height_rand_b": 1
    },
    "trunk_provider": {
      "type": "minecraft:simple_state_provider",
      "state": {
        "Name": "ad_astra:glacian_log",
        "Properties": {
          "axis": "y"
        }
      }
    }
  }
}
