{
    "name": "Seed Eater",
    "description": "Because you are a type of bird, you can eat things normal humans cannot, such as seeds.\n Other foods may prove an issue though...\n",
    "type": "origins:multiple",
    "seed_eat": {
        "type": "apugli:edible_item",
        "item_condition": {
            "type": "apoli:ingredient",
            "ingredient": {
                "tag": "origins:food/dodo_seeds"
            }
        },
        "food_component": {
            "hunger": 2,
            "saturation": 3,
            "snack": true
        },
        "consume_animation": "eat",
        "priority": 0
    },
    "edible_tooltip_seeds": {
        "type": "origins:tooltip",
        "item_condition": {
            "type": "origins:ingredient",
            "ingredient": {
                "tag": "origins:food/dodo_seeds"
            }
        },
        "text": "§7Edible (§bAvian Diet§7)",
        "order": 0
    },
    "edible_tooltip_veg": {
        "type": "origins:tooltip",
        "item_condition": {
            "type": "origins:ingredient",
            "ingredient": {
                "tag": "origins:food/generic_vegetable"
            }
        },
        "text": "§7Edible (§aAvian Diet§7)",
        "order": 0
    },
    "fruits": {
        "type": "origins:modify_food",
        "item_condition": {
            "type": "origins:ingredient",
            "ingredient": {
                "tag": "origins:food/generic_fruits"
            }
        },
        "food_modifier": {
            "operation": "addition",
            "value": 1
        },
        "saturation_modifier": {
            "operation": "addition",
            "value": 0.2
        }
    },
    "edible_tooltip_fruits": {
        "type": "origins:tooltip",
        "item_condition": {
            "type": "origins:ingredient",
            "ingredient": {
                "tag": "origins:food/generic_fruits"
            }
        },
        "text": "§7Edible (§bAvian Diet§7)",
        "order": 0
    },
    "edible_tooltip_mushroom": {
        "type": "origins:tooltip",
        "item_condition": {
            "type": "origins:ingredient",
            "ingredient": {
                "tag": "origins:food/generic_mushroom"
            }
        },
        "text": "§7Edible (§aAvian Diet§7)",
        "order": 0
    },
    "eggs": {
        "type": "origins:modify_food",
        "item_condition": {
            "type": "origins:ingredient",
            "ingredient": {
                "tag": "origins:food/generic_eggs"
            },
            "food_modifier": {
                "operation": "addition",
                "value": -1
            }
        }
    },
    "edible_tooltip_eggs": {
        "type": "origins:tooltip",
        "item_condition": {
            "type": "origins:ingredient",
            "ingredient": {
                "tag": "origins:food/generic_eggs"
            }
        },
        "text": "§7Edible (§6Avian Diet§7)",
        "order": 0
    },
    "meat_raw": {
        "type": "origins:modify_food",
        "item_condition": {
            "type": "origins:ingredient",
            "ingredient": {
                "tag": "origins:food/generic_meat_raw"
            },
            "food_modifier": {
                "operation": "addition",
                "value": -2
            }
        }
    },
    "raw_meat_hunger": {
        "type": "origins:action_on_item_use",
        "entity_action": {
            "type": "origins:apply_effect",
            "effects": [
                {
                    "effect": "minecraft:hunger",
                    "duration": 600,
                    "amplifier": 0,
                    "show_particles": true,
                    "show_icon": true
                }
            ]
        },
        "item_condition": {
            "type": "origins:ingredient",
            "ingredient": {
                "tag": "origins:food/generic_meat_raw"
            }
        },
        "trigger": "finish",
        "priority": 0
    },
    "edible_tooltip_meat_raw": {
        "type": "origins:tooltip",
        "item_condition": {
            "type": "origins:ingredient",
            "ingredient": {
                "tag": "origins:food/generic_meat_raw"
            }
        },
        "text": "§7Edible (§cAvian Diet§7)",
        "order": 0
    },
    "meat_cooked": {
        "type": "origins:modify_food",
        "item_condition": {
            "type": "origins:ingredient",
            "ingredient": {
                "tag": "origins:food/generic_meat_cooked"
            },
            "food_modifier": {
                "operation": "addition",
                "value": -1
            }
        }
    },
    "edible_tooltip_meat_cooked": {
        "type": "origins:tooltip",
        "item_condition": {
            "type": "origins:ingredient",
            "ingredient": {
                "tag": "origins:food/generic_meat_cooked"
            }
        },
        "text": "§7Edible (§6Avian Diet§7)",
        "order": 0
    },
    "edible_tooltip_bread": {
        "type": "origins:tooltip",
        "item_condition": {
            "type": "origins:ingredient",
            "ingredient": {
                "tag": "origins:food/generic_breads_cakes"
            }
        },
        "text": "§7Edible (§aAvian Diet§7)",
        "order": 0
    },
    "dairy": {
        "type": "origins:modify_food",
        "item_condition": {
            "type": "origins:ingredient",
            "ingredient": {
                "tag": "origins:food/generic_dairy"
            },
            "food_modifier": {
                "operation": "addition",
                "value": -1
            }
        }
    },
    "edible_tooltip_dairy": {
        "type": "origins:tooltip",
        "item_condition": {
            "type": "origins:ingredient",
            "ingredient": {
                "tag": "origins:food/generic_dairy"
            }
        },
        "text": "§7Edible (§6Avian Diet§7)",
        "order": 0
    },
    "mixed_meat": {
        "type": "origins:modify_food",
        "item_condition": {
            "type": "origins:ingredient",
            "ingredient": {
                "tag": "origins:food/generic_mixed_mostly_meat"
            },
            "food_modifier": {
                "operation": "addition",
                "value": -1
            }
        }
    },
    "edible_tooltip_mixed_meat": {
        "type": "origins:tooltip",
        "item_condition": {
            "type": "origins:ingredient",
            "ingredient": {
                "tag": "origins:food/generic_mixed_mostly_meat"
            }
        },
        "text": "§7Edible (§6Avian Diet§7)",
        "order": 0
    },
    "edible_tooltip_mixed": {
        "type": "origins:tooltip",
        "item_condition": {
            "type": "origins:ingredient",
            "ingredient": {
                "tag": "origins:food/generic_mixed_varied"
            }
        },
        "text": "§7Edible (§aAvian Diet§7)",
        "order": 0
    },
    "edible_tooltip_drinks": {
        "type": "origins:tooltip",
        "item_condition": {
            "type": "origins:ingredient",
            "ingredient": {
                "tag": "origins:food/accesible_drinks"
            }
        },
        "text": "§7Edible (§aAvian Diet§7)",
        "order": 0
    },
    "worm_eat": {
        "type": "apugli:edible_item",
        "item_condition": {
            "type": "apoli:ingredient",
            "ingredient": {
                "tag": "origins:food/dodo_misc"
            }
        },
        "food_component": {
            "hunger": 2,
            "saturation": 3,
            "snack": true
        },
        "consume_animation": "eat",
        "priority": 0
    },
    "edible_tooltip_worm": {
        "type": "origins:tooltip",
        "item_condition": {
            "type": "origins:ingredient",
            "ingredient": {
                "tag": "origins:food/dodo_misc"
            }
        },
        "text": "§7Edible (§bAvian Diet§7)",
        "order": 0
    }
}
