{
    "name": "Herbalist",
    "description": "You have an affinity for farming. Chance for double drops whenever you harvest a crop.",
    "type": "origins:replace_loot_table",
    "replace": {
        "([a-z|0-9|\\-|_])*:blocks/([a-z|0-9|\\-|_])*crop": "dodo:crop_loot",
        "minecraft:blocks/(wheat|carrot|potato|beetroots|sugar_cane|melon|attached_melon_stem|melon_stem|pumpkin_stem|pumpkin|attached_pumpkin_stem)+_*(block)*": "dodo:crop_loot",
        "farmersdelight:blocks/(cabbage|cabbages|budding_tomatoes|onion|onions|tomatoes|rice|rice_panicles)+_*(block)*": "dodo:crop_loot",
        "thermal:blocks/(amaranth|barley|bell_pepper|coffee|corn|eggplant|flax|green_bean|hops|onion|peanut|radish|rice|sadiroot|spinach|strawberry|tea|tomato)+_*(block)*": "dodo:crop_loot",
        "thermal:blocks/frost_melon": "dodo:crop_loot",
        "thermal:blocks/frost_melon_stem": "dodo:crop_loot",
        "thermal:blocks/frost_melon_stem_attached": "dodo:crop_loot"
    },
    "priority": 0,
    "block_condition": {
        "type": "origins:and",
        "conditions": [
            {
                "type": "origins:block_state",
                "property": "age",
                "comparison": ">",
                "compare_to": 0 
            },
            {
                "type": "origins:chance",
                "chance": 0.5
            }
        ] 
    }
}