{
  "parent": "minecraft:block/block",
  "loader": "gtceu:machine",
  "machine": "gtmutils:sterile_cleaning_maintenance_hatch",
  "replaceable_textures": [
    "bottom",
    "top",
    "side"
  ],
  "variants": {
    "": {
      "model": {
        "parent": "gtmutils:block/machine/part/sterile_cleaning_maintenance_hatch",
        "textures": {
          "bottom": "gtceu:block/casings/voltage/zpm/bottom",
          "side": "gtceu:block/casings/voltage/zpm/side",
          "top": "gtceu:block/casings/voltage/zpm/top"
        }
      }
    }
  }
}