{
    "name": "Carnivore",
    "description": "Your lifestyle has forced you to only be capable of consuming meat. However, you are immune to hunger.",
    "type": "origins:multiple",
    "carnivore": {
      "type": "apoli:prevent_item_use",
      "item_condition": {
        "type": "apoli:and",
        "conditions": [
          {
            "type": "apoli:or",
            "conditions": [
              {
                "type": "apoli:ingredient",
                "ingredient": {
                  "tag": "origins:meat"
                }
              },
              {
                "type": "apoli:meat"
              },
              {
                "type": "origins:ingredient",
                "ingredient": {
                  "tag": "berserk:extra_meat"
                }
              }
            ],
            "inverted": true
          },
          {
            "type": "apoli:food"
          },
          {
            "type": "apoli:ingredient",
            "ingredient": {
              "tag": "origins:ignore_diet"
            },
            "inverted": true
          }
        ]
      }
    },
    "fc_catfood_eat": {
        "type": "apugli:edible_item",
        "item_condition": {
            "type": "apoli:ingredient",
            "ingredient": {
                "item": "farm_and_charm:cat_food"
            }
        },
        "food_component": {
            "hunger": 6,
            "saturation": 8,
            "snack": true
        },
        "consume_animation": "eat",
        "consuming_time_modifier": {
            "operation": "multiply_base_multiplicative",
            "value": 1.5
        },
        "priority": 0
    },
    "fc_dogfood_eat": {
        "type": "apugli:edible_item",
        "item_condition": {
            "type": "apoli:ingredient",
            "ingredient": {
                "item": "farm_and_charm:dog_food"
            }
        },
        "food_component": {
            "hunger": 6,
            "saturation": 8,
            "snack": true
        },
        "consume_animation": "eat",
        "consuming_time_modifier": {
            "operation": "multiply_base_multiplicative",
            "value": 1.5
        },
        "priority": 0
    },
    "hunger_immune": {
      "type": "origins:effect_immunity",
      "effects": [
          "minecraft:hunger"
      ]
    },
    "edible_tooltip": {
        "type": "origins:tooltip",
        "item_condition": {
            "type": "origins:ingredient",
            "ingredient": {
                "tag": "berserk:extra_meat"
            }
        },
        "text": "§7Edible (§aCarnivore Diet§7)",
        "order": 0
    }
  }