{
    "name": "Last chance",
    "description": "You can survive an otherwise lethal attack. This effect has a one minute cooldown, and only works if you are above 25% HP.",
    "type": "origins:multiple",
    "resource": {
        "type": "origins:resource",
        "min": 0,
        "max": 1
    },
    "hp_check": {
        "type": "origins:action_over_time",
            "rising_action": {
                "type": "origins:change_resource",
                "resource": "*:*_resource",
                "change": 1
            },
        "falling_action": {
            "type": "origins:change_resource",
            "resource": "*:*_resource",
            "change": -1
        },
        "condition": {
            "type": "origins:or",
            "conditions": [
                {
                    "type": "origins:health",
                    "comparison": ">",
                    "compare_to": 8
                },
                {
                    "type": "origins:health",
                    "comparison": "<",
                    "compare_to": 1
                }
            ]
        }
    },
    "death": {
        "type": "origins:prevent_death",
        "entity_action": {
            "type": "origins:and",
            "actions": [
            {
                "type": "origins:change_resource",
                "resource": "*:*_resource",
                "change": -1
            },
            {
                "type": "origins:heal",
                "amount": 4
            },
            {
                "type": "origins:clear_effect"
            },
            {
                "type": "origins:apply_effect",
                "effects": [
                    {
                        "effect": "minecraft:regeneration",
                        "amplifier": 3,
                        "duration": 40
                    }
                ]
            }
            ]
        },
        "condition": {
            "type": "origins:resource",
            "resource": "*:*_resource",
            "comparison": "==",
            "compare_to": 1
        }
    }
}